Código Plan;Carrera;Cohorte;Número de alumno;Bloqueo;Causal Bloqueo;RUN;DV;Nombres;;Primer Apellido;Segundo Apellido;Logro;Fecha Logro;Última Carga
WH1;Hechicería;2013-01;389368;N;Sin Bloqueo;18678398;7;DELCA;ALEJAN;AROCA;LAFFERTE;1 AÑO;2013-01;2013-01
WH2;Hechicería;2020-01;388287;N;Sin Bloqueo;5773878;8;COLOMBA;DANYA;QUEZADA;TOPP;INGRESO;2020-01;
WH2;Hechicería;2020-01;467288;N;Sin Bloqueo;18316956;6;GAMAL;ARMANDINA;NIVIN;SAMUR;INGRESO;2020-01;
HP2;Magia;2022-01;655765;N;Sin Bloqueo;20185091;7;ARISTÍDES;KATHERYNE;FEJES;DE RUYT;INGRESO;2022-01;
HP2;Magia;2022-01;474764;N;Sin Bloqueo;21409877;2;CHRISTOFHER;GERHARD;SCHILLING;BADANI;INGRESO;2022-01;
HP2;Magia;2022-01;463763;N;Sin Bloqueo;8509444;6;NAYRA;ELAINE;MANSO;ARELLANO;INGRESO;2022-01;
HP2;Magia;2022-01;493762;N;Sin Bloqueo;16796437;4;CARMIÑA;GIANNY;LAM;ALUCEMA;INGRESO;2022-01;
PH1;Magia;2022-01;615952;N;Sin Bloqueo;24231776;0;HENID;PURISIMA;CHANDIA;JAIME;INGRESO;2022-01;
HP2;Magia;2022-01;458769;N;Sin Bloqueo;14813687;1;ESTER;NATALY;ALONSO;ALMONTE;INGRESO;2022-01;
HP2;Magia;2022-02;448789;S;BLOQUEO POR NO INSCRIPCION;9327234;5;CAROLA;NEO;LILLO;INZUNZA;INGRESO;2022-02;
HP2;Magia;2023-01;504911;S;SUSPENSION DE ESTUDIOS;6843987;4;ALBER;LUKAS;SEMMLER;SPENCER;INGRESO;2023-01;
HW2;Magia;2023-01;449386;N;Sin Bloqueo;17809098;6;JOHANA;IANN;VINET;MONTAÑO;1 SEMESTRE;2024-01;2024-02
HP2;Magia;2023-01;521988;N;Sin Bloqueo;14098509;7;AMANDA;VANESA;VILLAR;TORREBLANCA;INGRESO;2023-01;
HP2;Magia;2023-01;492005;N;Sin Bloqueo;25843105;3;CATALINA;ROSSIE;BOBADILLA;DUNSTAN;INGRESO;2023-01;
HP2;Magia;2023-01;616000;S;CAMBIO DE PLAN O CARRERA;21794235;1;NOREDY;GRISEL;MURGA;DUBO;INGRESO;2023-01;
HP2;Magia;2023-02;385008;S;BLOQUEO POR INTERCAMBIO;17734410;2;ROGER;ESTEPHANIE;GONZÁLEZ;WATKINS;INGRESO;2023-02;
HP2;Magia;2023-02;399009;S;CAMBIO DE PLAN O CARRERA;10055195;5;DONKA;BERNABÉ;HERNANDEZ;ALBARRAN;INGRESO;2023-02;
HP1;Magia;1999-01;484055;S;BLOQUEO POR NO INSCRIPCION;8448392;0;ANDRÉS;NAYARE;LEIGHTON;LEMUS;INGRESO;1999-01;1999-01
HP1;Magia;2001-01;502233;S;BLOQUEO POR NO INSCRIPCION;16965559;3;ALIN;KIMIE;REQUENA;CELEDON;INGRESO;2001-01;2001-02
HP1;Magia;1999-01;534053;S;BLOQUEO POR NO INSCRIPCION;10355093;1;ZITA;YASSEL;GARVIZO;LEFORT;INGRESO;1999-01;1999-01
HW1;Magia;2005-02;481689;S;SUSPENSION DE ESTUDIOS;10838564;4;DELALUZ;AURORA;LABBE;ERAZO;INGRESO;2005-02;
HP1;Magia;1992-01;601373;S;BLOQUEO POR NO INSCRIPCION;4909616;7;MAURI;ARMANDO;LABORDE;CARRION;INGRESO;1992-01;1998-02
HW1;Magia;2000-01;488325;S;ALUMNO EGRESADO;17394618;6;FABRIZIO;RALLEN;GUAMÁN;MAC-INNES;QUINTO AÑO - EGRESO;2006-01;2006-01
HP1;Magia;2001-01;576123;S;BLOQUEO POR EXPEDIENTE SIN CALIFICACIONES, CONVALIDACIONES NI INSCRIPCION;12921878;4;RAISBEL;CRISTÓBAL;THIELEMANN;SUTHERLAND;INGRESO;2001-01;
HP1;Magia;1989-01;642646;S;BLOQUEO POR NO INSCRIPCION;9356329;4;ARACE;ADRIANA;MICHEA;BUCAREY;INGRESO;1989-01;1998-01
HW1;Magia;2000-01;607409;N;Sin Bloqueo;20053287;4;SCARLETH;LESLIA;CASTIBLANCO;CARIZ;INGRESO;2000-01;2005-02
HW2;Magia;2005-01;650008;S;ALUMNO CON DEUDA MOROSA;10886944;2;ELBA;DANITZA;VALDIVIESO;CAYUQUEO;3 SEMESTRE;2007-02;2007-02
HW1;Magia;2000-01;637391;S;BLOQUEO POR NO INSCRIPCION;7791993;1;STEFANIA;ENGHEL;BANDELLI;POL;INGRESO;2000-01;2000-02
HW2;Magia;2005-01;421112;S;BLOQUEO POR NO INSCRIPCION;9399314;3;SIMON;ANDRES;MILLAQUEO;BARRA;8 SEMESTRE;2011-02;2011-02
HW1;Magia;2008-02;408806;S;BLOQUEO POR NO INSCRIPCION;18917759;2;KARYN;ROMAN;ABALOS;GAETE;CUARTO AÑO;2008-02;2008-02
HP1;Magia;1995-01;395981;S;ALUMNO EGRESADO;21511139;8;ARELY;PATRICIO;MAURO;VERNAL;QUINTO AÑO- EGRESO;2000-01;2000-01
HW2;Magia;2008-02;546038;S;BLOQUEO POR NO INSCRIPCION;19546071;7;WLADIMIR;FERNANDEZ;LACOSTE;BELLINGHAUSEN;10 SEMESTRE - EGRESO;2013-02;2013-02
HP1;Magia;1986-01;558718;S;BLOQUEO POR NO INSCRIPCION;14521962;8;YANARA;JEANS;MAZUELA;OLATE;INGRESO;1985-01;
HW1;Magia;2001-01;459364;S;BLOQUEO POR EXPEDIENTE SIN CALIFICACIONES, CONVALIDACIONES NI INSCRIPCION;6175568;8;ROCÍO;SAUL;PARAUD;BELMAR;INGRESO;2001-01;
PH2;Magia;2005-01;525035;S;ELIMINADO POR INCUMPLIMIENTO DE NORMATIVA - NO SE APROBO EL MINIMO DE ASIGNATURAS O CREDITOS DEFINIDO;16785757;8;YENY;EDGARD;CHAMEAUT;SALVADO;2 SEMESTRE;2006-02;2009-01
HW1;Magia;2002-01;466320;S;ALUMNO EGRESADO;25150706;K;ENGHEL;CHRISTIANS;CANTILLANO;CHEHADE;QUINTO AÑO - EGRESO;2006-02;2006-02
HW1;Magia;2002-01;419335;S;BLOQUEO POR NO INSCRIPCION;18037648;K;EPIFANIA;WENDY;MEDEL;HAMASAKI;INGRESO;2002-01;2003-01
HW2;Magia;2012-01;645058;N;Sin Bloqueo;16744617;7;LEONOR;ENRIQUEZ;PASTORIZA;PICEROS;INGRESO;2012-01;
HW1;Magia;2000-01;593390;S;BLOQUEO POR NO INSCRIPCION;14333328;7;ABLO;PAZBELÉN;MULCHI;FICA;INGRESO;2000-01;2002-01
HW1;Magia;2000-01;478396;S;ALUMNO EGRESADO;8441459;9;KENNY;PABLORAIM;ZERENE;GALARCE;CUARTO AÑO;2004-01;2005-01
HW1;Magia;2000-01;381412;S;ALUMNO EGRESADO;20046479;8;ELIEZER;DANNAE;PROVIDELL;COBOS;QUINTO AÑO - EGRESO;2005-02;2005-02
HP2;Magia;2007-01;604077;S;ALUMNO CON DEUDA MOROSA;16575612;6;MERCEDES;SAMIR;MANCILLA;CÓRDOVA;INGRESO;2007-01;2007-02
HW1;Magia;2002-01;388381;S;BLOQUEO POR NO INSCRIPCION;9509629;5;FELIP;NILIMA;MURUA;OSSES;INGRESO;2002-01;2002-01
HW1;Magia;2001-01;598413;S;ELIMINADO POR INCUMPLIMIENTO DE NORMATIVA - NO SE APROBO EL MINIMO DE ASIGNATURAS O CREDITOS DEFINIDO;22253570;7;CRISTI;TERESA;BRITO;FLORIDO;PRIMER AÑO;2004-01;2004-01
HP1;Magia;1991-01;544563;S;BLOQUEO POR NO INSCRIPCION;12034277;6;SOL;NESTOR;MENDEL;TORRIJO;INGRESO;1991-01;1996-02
HW2;Magia;2008-02;398039;S;ALUMNO EGRESADO;12047085;6;ARCHIVALDO;SAVKA;HUARAPIL;OLATE;10 SEMESTRE - EGRESO;2022-02;2022-02
HW1;Magia;2003-01;436339;S;ALUMNO EGRESADO;24884291;0;ZITA;BENITO;JOCIC;FONTALVO;QUINTO AÑO - EGRESO;2015-01;2015-01
HP1;Magia;1996-01;639714;S;BLOQUEO POR NO INSCRIPCION;4418023;2;KATHIA;CARMEN;COLLONAO;BEYER;INGRESO;1996-01;1998-02
HP1;Magia;1985-01;375724;S;BLOQUEO POR NO INSCRIPCION;16385852;7;KAROL;INGEBORD;NARVAES;RETAMAL;INGRESO;1985-01;1992-01
PH2;Magia;2005-01;438040;S;BLOQUEO POR NO INSCRIPCION;25094303;8;JISSELE;SERGIO;ZIGANTE;GILLIBRAND;2 SEMESTRE;2005-02;2005-02
HW1;Magia;2002-01;615329;S;BLOQUEO POR NO INSCRIPCION;16490873;6;IVICA;VICTO;UMAÑA;OLIVA;INGRESO;2002-01;2003-01
HP1;Magia;1996-01;590741;S;BLOQUEO POR NO INSCRIPCION;8131890;7;KURTH;AMARA;ALZAMORA;ABARCA;INGRESO;1996-01;1997-01
HW1;Magia;2000-01;392397;S;ALUMNO EGRESADO;23083071;K;ALYSON;JEFFERSON;RUBINEK;RICCI;QUINTO AÑO - EGRESO;2006-02;2006-02
HW1;Magia;2000-01;525416;S;ALUMNO LICENCIADO;12547677;1;ALEXANDRE;VIARLY;FISCHER;POZA;CUARTO AÑO;2006-01;2007-01
HP1;Magia;1990-01;490666;S;ALUMNO CON DEUDA MOROSA;15944651;0;GLENDA;VALENTINO;RUMINOT;REYNOSO;INGRESO;1990-01;1995-01
HW1;Magia;1990-01;587842;S;ALUMNO EGRESADO;5248213;0;DAIANA;ELWOOD;CANESSA;HUENCHULEO;QUINTO AÑO - EGRESO;2005-01;2005-01
HW2;Magia;2008-01;377931;S;BLOQUEO POR NO INSCRIPCION;18273402;1;GABRIEL;MARCIAL;ALUCEMA;DEPAUX;LICENCIATURA EN CIENCIAS JURIDICAS Y SOCIALES;2016-01;2016-01
HP1;Magia;1993-01;437297;S;ALUMNO EGRESADO;7388900;9;DIANE;MAHATMA;LEVY;PEREZ-YOSEF;INGRESO;1993-01;1997-01
HW1;Magia;2001-01;407421;S;BLOQUEO POR NO INSCRIPCION;8537577;8;FRANCES;YASSEL;KLEIN;JORDANA;INGRESO;2001-01;2001-02
HW2;Magia;2017-01;384820;N;Sin Bloqueo;13396977;8;ALFONSINA;ORIANA;RIZIK;LASSERRE;INGRESO;2017-01;
HW1;Magia;2003-01;481333;N;Sin Bloqueo;12525678;0;MARCO;SAMIR;TIEDEMANN;VAILLANT;QUINTO AÑO - EGRESO;2008-01;2008-01
HP1;Magia;1985-01;532764;S;ALUMNO EGRESADO;25190034;5;DAMIÁN;IRIS;SAN CRISTÓBAL;JULIÁ;CUARTO AÑO;1989-01;1992-01
GH1;Magia;2003-01;541048;S;ALUMNO CON DEUDA MOROSA;13269680;1;PETER;FLOREN;ROVANO;ALCA;PRIMER AÑO;2003-02;2003-02
HW2;Magia;2006-01;618237;S;ALUMNO CON DEUDA MOROSA;8973098;4;LIZETTE;ILIA;TARTARI;OBRIEN;INGRESO;2006-01;2007-02
HP1;Magia;1986-01;432846;N;Sin Bloqueo;16405489;7;TERESA;GLADYS;VUKASOVIC;BETTIZ;QUINTO AÑO- EGRESO;1994-02;1994-02
GH3;Magia;2007-01;468055;S;BLOQUEO POR NO INSCRIPCION;8375977;5;DARKANYALI;DENIS;OROS;VIO;INGRESO;2007-01;2008-01
HW1;Magia;2004-01;612529;S;ELIMINADO POR INCUMPLIMIENTO DE NORMATIVA - NO SE APROBO EL MINIMO DE ASIGNATURAS O CREDITOS DEFINIDO;24791715;4;CHRISTIE;EMILIO;PAZOS;RUIZ;INGRESO;2004-01;2004-02
HW1;Magia;2003-01;544319;S;BLOQUEO POR NO INSCRIPCION;5318184;4;NILIMA;ARNALDO;PEÑAILILLO;VEGA;INGRESO;2003-01;2005-02
HW1;Magia;2001-01;517369;S;ALUMNO EGRESADO;17593486;2;TITO;DANTE;JOCIC;BRIONES;QUINTO AÑO - EGRESO;2005-01;2005-01
HP2;Magia;2008-02;608615;S;CAMBIO DE PLAN O CARRERA;14438839;7;ANGÉLICA;MATHIAS;QUINTRILEO;LASTRA;1 SEMESTRE;2008-02;2008-02
HW2;Magia;2008-02;642286;S;ALUMNO EGRESADO;15871863;7;MARÍAPAZ;ANABELLE;NAHUELÁN;ALQUINTA;10 SEMESTRE - EGRESO;2022-02;2022-02
PH2;Magia;2005-01;374037;S;SUSPENSION DE ESTUDIOS;11302330;6;SIHOMARA;BETSABÉ;ROSA;CESPEDES;INGRESO;2005-01;
HW2;Magia;2010-01;490530;N;Sin Bloqueo;23169485;0;CARLO;YULY;MACAYA;SUKNI;INGRESO;2010-01;2010-02
HW1;Magia;2001-01;524370;S;BLOQUEO POR NO INSCRIPCION;13945351;4;DAFNAH;SCARLETH;GARÍN;LOWICK-RUSSELL;INGRESO;2001-01;2001-01
PH2;Magia;2009-01;429163;S;ALUMNO CON DEUDA MOROSA;8525451;2;TAIS;NALDY;LAVIN;MUNCHMEYER;INGRESO;2009-01;2009-01
HP1;Magia;1991-01;468608;S;BLOQUEO POR NO INSCRIPCION;6329943;7;OTONIEL;JOYLETT;MONTEIROT;EGAÑA;INGRESO;1991-01;1997-01
HW1;Magia;2000-01;459402;S;BLOQUEO POR NO INSCRIPCION;4693287;0;ANGEL;AVELIN;MAUREIRA;MANRIQUEZ;INGRESO;2000-01;2001-01
HW1;Magia;2001-01;592368;S;ALUMNO EGRESADO;6056493;5;GUNTHER;RONINIE;SILVA;CANIHUANTE;QUINTO AÑO - EGRESO;2005-02;2005-02
HP1;Magia;1984-01;452835;S;BLOQUEO POR NO INSCRIPCION;18573176;K;LOLA;BENNY;BUGUEÑO;ESPÍNOLA;INGRESO;1984-01;1985-01
HP1;Magia;1988-01;386071;S;ALUMNO EGRESADO;22493817;9;MARIAJESUS;SAVKA;DEVAUD;RUMOROSO;QUINTO AÑO- EGRESO;2001-01;2001-01
HW1;Magia;2000-01;479399;S;BLOQUEO POR NO INSCRIPCION;19584901;5;YEHIMY;SUSAN;RAQUILEO;MOSSO;INGRESO;2000-01;2001-01
HP1;Magia;1984-01;439730;S;BLOQUEO POR NO INSCRIPCION;15622108;4;KRISHNA;LUJÁN;BERNALES;LINARES;INGRESO;1984-01;1993-01
HW1;Magia;2001-01;403420;S;ALUMNO EGRESADO;15809844;7;OSVALDO;ARLENE;BASSI;DE RUYT;QUINTO AÑO - EGRESO;2005-01;2005-01
GH1;Magia;2004-01;561009;S;BLOQUEO POR NO INSCRIPCION;6263400;0;ILAN;SONIA;PERALES;NOVAL;INGRESO;2004-01;2004-02
HP1;Magia;1991-01;647862;N;Sin Bloqueo;4151275;3;JONSLENY;FARIDDE;CAYUL;ZÁRATE;INGRESO;1991-01;1991-01
GH1;Magia;2004-01;623014;S;ALUMNO LICENCIADO;5106797;2;LAUTARO;MERICIA;CHÁVEZ;MATAMOROS;QUINTO AÑO - EGRESO;2015-01;2015-01
HP1;Magia;1996-01;447635;S;ALUMNO EGRESADO;14563412;3;CHARITO;LORENZO;DOWNEY;MORCHIO;INGRESO;1996-01;1999-02
HW2;Magia;2008-01;406951;N;Sin Bloqueo;25113688;9;GIORGINA;ZORAN;GORAYEB;LILLO;INGRESO;2008-01;2009-02
WH1;Hechicería;2007-01;393097;S;BLOQUEO POR NO INSCRIPCION;6450716;7;DORA;LILYBELL;MESSINA;SARMIENTO;10 SEMESTRE- QUINTO AÑO - TITULO - ASISTENTE SOCIAL;2011-02;2011-02
PH2;Magia;2011-01;574216;S;BLOQUEO POR NO INSCRIPCION;10918457;8;ESPERAN;CECILIA;VICTORIANO;CAÑETE;1 SEMESTRE;2011-02;2011-02
PH2;Magia;2011-01;602213;N;Sin Bloqueo;8650265;5;ANAIS;SARAY;ZANOTTI;VELÁSQUEZ;LICENCIATURA EN CIENCIAS JURIDICAS Y SOCIALES;2018-01;2018-01
HP1;Magia;1992-01;520374;S;ALUMNO CON DEUDA MOROSA;12197090;5;MARIBEL;GUNTHER;MANDIOLA;CRUZ COKE;INGRESO;1992-01;2000-01
HP1;Magia;1992-01;389456;S;BLOQUEO POR NO INSCRIPCION;17402831;2;NAZMY;LEBBY;GILBERT;FELIU;INGRESO;1992-01;1998-01
WH3;Hechicería;2024-01;490142;N;Sin Bloqueo;7169862;K;STEICY;HERNITA;PAIVA;DROUILLAS;INGRESO;2024-01;2024-01
HP1;Magia;1986-01;591816;S;BLOQUEO POR NO INSCRIPCION;9365722;7;BRYAN;SCARLETTE;RENCORET;ARZOLA;INGRESO;1986-01;1989-01
HP1;Magia;1995-01;580915;S;BLOQUEO POR NO INSCRIPCION;25103671;2;ESMILIAN;FAVIOLA;ICETA;ACEVEDO;INGRESO;1995-01;2000-01
HW2;Magia;2006-01;480339;N;Sin Bloqueo;23626990;6;JOSEFINA;YECZABETH;MERCURIO;CEREÑO;LICENCIATURA EN CIENCIAS JURIDICAS Y SOCIALES;2022-02;2022-02
PH2;Magia;2004-01;435117;N;Sin Bloqueo;6244914;3;ARCHIVALDO;JENIFER;TERAN;CARES;2 SEMESTRE;2007-02;2007-02
HW1;Magia;2001-01;607374;S;BLOQUEO POR NO INSCRIPCION;24382187;K;BRAIRAN;JOSSELYN;ORTIZ;LUENGO;INGRESO;2001-01;2001-02
HW1;Magia;2000-01;473418;S;BLOQUEO POR NO INSCRIPCION;18933800;8;KAORY;LOUISE;SANTANA;PALLERO;INGRESO;2000-01;2000-02
PH2;Magia;2012-01;601238;S;ALUMNO CON DEUDA MOROSA;14258008;3;JACKELINE;FERNANDEZ;GARRIDO;DALANNAIS;INGRESO;2012-01;2012-02
HP1;Magia;1991-01;384535;S;ALUMNO EGRESADO;17436296;6;HYBET;RICHARDS;ONELL;STUDIER;INGRESO;1991-01;1996-02
HP2;Magia;2006-01;418941;S;ALUMNO EGRESADO;9394880;5;AQUILINO;BRANCO;PAVEZ;MORIS;10 SEMESTRE - EGRESO;2015-02;2015-02
HW2;Magia;2006-01;600401;S;CAMBIO DE PLAN O CARRERA;15715010;5;DANGELLY;ALMA;IRAOLA;ANTUNEZ;8 SEMESTRE;2008-02;2008-02
HP1;Magia;1995-01;584954;S;BLOQUEO POR NO INSCRIPCION;15265364;K;IRMA;RITA;HUAIQUIMILLA;VÉLIZ;INGRESO;1995-01;1998-02
HW2;Magia;2012-01;629130;S;SUSPENSION DE ESTUDIOS;5245917;0;LUISA;AYLIN;ABDALE;VILLA;INGRESO;2012-01;
GH3;Magia;2006-01;642031;S;ALUMNO LICENCIADO;24753281;2;MONSERRATT;REBECA;VILLAVICENCIO;HUICHAQUEO;INGRESO;2006-01;2018-01
PH2;Magia;2006-01;605075;S;ALUMNO CON DEUDA MOROSA;16893469;2;GESSELLE;CAMELIA;GLADE;VALDENEGRO;INGRESO;2006-01;2006-02
GH3;Magia;2008-02;438080;S;BLOQUEO POR NO INSCRIPCION;21435997;8;NORIELA;GILBET;PICASSO;GOIO;INGRESO;2008-02;2008-02
HW2;Magia;2015-01;470654;N;Sin Bloqueo;16983855;4;WILLIAMS;FABRIZIO;LACHITT;FRANELICH;LICENCIATURA EN CIENCIAS JURIDICAS Y SOCIALES;2023-02;2023-02
GH1;Magia;2003-01;505068;S;ALUMNO CON DEUDA MOROSA;6369751;7;SIOMARA;ERMELINDA;TIRADO;HIPP;INGRESO;2003-01;2003-02
HW2;Magia;2008-01;535935;S;BLOQUEO POR NO INSCRIPCION;5408361;2;NAIARA;ANABELÉN;MOREN;HIJAZIN;LICENCIATURA EN CIENCIAS JURIDICAS Y SOCIALES;2016-01;2016-01
HW2;Magia;2006-01;521412;S;ELIMINADO POR INCUMPLIMIENTO DE NORMATIVA - NO SE APROBO EL MINIMO DE ASIGNATURAS O CREDITOS DEFINIDO;8450985;0;ADRIAN;SOLANGE;MARABOLI;BALANDA;INGRESO;2006-01;2006-01
HP1;Magia;1994-01;490059;S;ALUMNO EGRESADO;9619890;5;MAIKOL;BELÉN;SINOVCIC;PINO;INGRESO;1994-01;2000-01
HW1;Magia;2001-01;518358;S;BLOQUEO POR NO INSCRIPCION;19635435;9;ESTEFANIA;MICSY;ITURRIAGA;CARVALLO;INGRESO;2001-01;2001-02
HP1;Magia;1986-01;547824;S;BLOQUEO POR NO INSCRIPCION;5241463;5;EDMUNDO;SCARLET;ALCAINO;DOCKENDORFF;INGRESO;1986-01;1992-02
HW2;Magia;2011-01;506758;S;SUSPENSION DE ESTUDIOS;14225413;7;JELOIN;MARGOT;ÁLVAREZ;FAJARDO;INGRESO;2011-01;
HP1;Magia;1992-01;471152;S;ALUMNO EGRESADO;10563661;8;VALEZKA;GISELLA;LARRAIN;BELLONI;QUINTO AÑO- EGRESO;1996-02;1996-02
HW1;Magia;2000-01;381411;S;BLOQUEO POR NO INSCRIPCION;12218494;3;KATERI;RUBINA;JAIME;BASTÍAS;PRIMER AÑO;2000-02;2000-02
HW2;Magia;2008-01;415841;S;ALUMNO LICENCIADO;11110792;4;DANIE;FLORISA;OCHOA;BEYER;LICENCIATURA EN CIENCIAS JURIDICAS Y SOCIALES;2015-02;2015-02
HW1;Magia;2000-01;444386;S;BLOQUEO POR NO INSCRIPCION;20766297;3;EUGENI;JULIO;DE RUYT;MANRÍQUEZ;INGRESO;2000-01;2000-02
HP1;Magia;1990-01;536567;S;BLOQUEO POR NO INSCRIPCION;14207987;K;JUANJOSE;JAMILY;LORA;SANTA MARIA;INGRESO;1990-01;
HW2;Magia;2006-01;476367;S;ELIMINADO POR INCUMPLIMIENTO DE NORMATIVA - NO SE APROBO EL MINIMO DE ASIGNATURAS O CREDITOS DEFINIDO;18690104;5;ALEXANDER;AIRY;BENAVIDES;JERALDO;4 SEMESTRE;2013-02;2013-02
HW2;Magia;2010-01;382516;S;ALUMNO LICENCIADO;8054105;7;POLETT;ARIASELVA;LATTUS;OSSANDON;LICENCIATURA EN CIENCIAS JURIDICAS Y SOCIALES;2017-02;2017-02
HP1;Magia;1994-01;377006;S;ALUMNO EGRESADO;17230285;6;JAIM;SOL;MOURGUES;DEL VALLE;INGRESO;1994-01;1999-02
HP1;Magia;1988-01;468528;S;BLOQUEO POR NO INSCRIPCION;10750903;2;EMMANUEL;ELÍAS;CARRAMIÑANA;CABRERA;TERCER AÑO;1992-01;1997-01
HW2;Magia;2009-01;405190;S;ALUMNO LICENCIADO;19817902;6;CHEUQUELEN;MARBET;BOMBARDIERE;ARAMBURU;LICENCIATURA EN CIENCIAS JURIDICAS Y SOCIALES;2014-02;2014-02
HP1;Magia;1988-01;567800;S;BLOQUEO POR NO INSCRIPCION;19370570;4;DARY;YASSEL;PIMENTEL;AZAGRA;SEGUNDO AÑO;1991-01;1995-01
HW1;Magia;2003-01;637354;S;ALUMNO CON DEUDA MOROSA;17902724;8;DESIREE;DANICA;ENCINA;BRIONES;INGRESO;2003-01;
HW1;Magia;2002-01;514340;S;ALUMNO EGRESADO;24650385;0;ÁLVARO;EMANUEL;ALDAY;MUSSO;QUINTO AÑO - EGRESO;2007-01;2007-01
HW2;Magia;2012-01;538123;S;ALUMNO CON DEUDA MOROSA;23825135;2;MORY;GILBERTO;SANCHO;MONTE;INGRESO;2012-01;2012-01
HW1;Magia;2001-01;453379;S;BLOQUEO POR NO INSCRIPCION;12239335;K;ANTONIETA;MERLY;ADAROS;MÁRQUEZ;INGRESO;2001-01;2001-02
HP1;Magia;1994-01;394130;S;BLOQUEO POR NO INSCRIPCION;5318054;1;PAMELA;GUILIANA;VALVERDE;RUIZ DE GAMBOA;INGRESO;1994-01;1998-02
HW1;Magia;2002-01;572332;S;ALUMNO EGRESADO;20999319;9;CLEFELINA;LEONCIO;MALO;PAEZ;QUINTO AÑO - EGRESO;2008-01;2008-01
HW2;Magia;2011-01;552701;S;ALUMNO CON DEUDA MOROSA;15102359;3;RAYENT;ARELY;GAJARDO;PINTO;INGRESO;2011-01;2012-02
HP1;Magia;1993-01;476213;S;BLOQUEO POR NO INSCRIPCION;17597347;0;ILIAN;JESSICA;URRIOLA;PUCH;INGRESO;1993-01;1997-02
HP1;Magia;2006-01;519725;S;ALUMNO EGRESADO;25373122;4;ZAMAR;KARENINA;ESPINOZA;SANI;QUINTO AÑO- EGRESO;2008-01;2008-01
HP1;Magia;1991-01;520682;S;BLOQUEO POR NO INSCRIPCION;22011940;5;LUCIA;MACARINA;TALEP;GARDEL;INGRESO;1991-01;1996-02
HP1;Magia;1993-01;398220;S;ALUMNO CON DEUDA MOROSA;13600164;0;DEDIOS;ARIKI;BASUALTO;GARDEL;INGRESO;1993-01;2001-01
HW2;Magia;2006-01;557222;S;SUSPENSION DE ESTUDIOS;18368526;7;NECHMY;LUBEN;URQUIETA;TERAN;INGRESO;2006-01;2006-01
HW2;Magia;2007-01;607645;S;ELIMINADO POR INCUMPLIMIENTO DE NORMATIVA - NO SE APROBO EL MINIMO DE ASIGNATURAS O CREDITOS DEFINIDO;10713955;5;GERARDO;KARYNNA;VON BISCHOFFSHA;BERGEON;2 SEMESTRE;2010-01;2012-01
HW2;Magia;2006-01;382285;S;ALUMNO CON DEUDA MOROSA;4640475;4;HALLEY;NICCOLE;ROMO;BETHENCOURT;1 SEMESTRE;2006-02;2006-02
HW1;Magia;2001-01;464360;S;BLOQUEO POR NO INSCRIPCION;9973481;2;KHRISNA;AMÉRICO;SANTIS;BECERRA;INGRESO;2001-01;2001-02
HW2;Magia;2009-01;582105;N;Sin Bloqueo;19215958;K;ESTEFANNY;KAREN;DEISCHLER;OROSTICA;LICENCIATURA EN CIENCIAS JURIDICAS Y SOCIALES;2018-02;2018-02
HW1;Magia;2003-01;542337;S;BLOQUEO POR NO INSCRIPCION;12281370;1;ANGELINA;KEOMARA;ALAMO;MAGNERE;QUINTO AÑO - EGRESO;2008-01;2008-01
GH1;Magia;2004-01;637011;S;BLOQUEO POR NO INSCRIPCION;10585608;2;GIORGIO;SABINNA;BERRIOS;ARLEGUI;SEGUNDO AÑO;2005-01;2005-01
HW1;Magia;2002-01;383351;S;BLOQUEO POR EXPEDIENTE SIN CALIFICACIONES, CONVALIDACIONES NI INSCRIPCION;16815592;7;ARIANNA;IVANNI;PAVAT;LABBÉ;INGRESO;2002-01;
HW2;Magia;2005-01;382127;S;ELIMINADO POR INCUMPLIMIENTO DE NORMATIVA - NO SE APROBO EL MINIMO DE ASIGNATURAS O CREDITOS DEFINIDO;25381795;0;ERIC;SEBASTIÁN;COURTIN;O'RYAN;INGRESO;2005-01;2005-02
HW1;Magia;2000-01;535394;S;BLOQUEO POR NO INSCRIPCION;4431573;K;ARCHIVALDO;FERMIN;MUR;MATTOS;PRIMER AÑO;2000-01;2000-02
GH1;Magia;2004-01;404001;S;ALUMNO EGRESADO;15821637;6;NÁYADET;RAMON;AGURTO;FELIU;QUINTO AÑO - EGRESO;2008-01;2008-01
GH3;Magia;2009-01;565100;N;Sin Bloqueo;14901599;6;YENIFER;GRACIELA;FUICA;ESCRICH;INGRESO;2009-01;2009-02
HW1;Magia;2000-01;403385;S;ELIMINADO POR INCUMPLIMIENTO DE NORMATIVA - SOBREPASO EL N° DE OPORTUNIDADES PARA SUPERAR ASIGNATURAS;25387296;6;YARID;GRIMANESA;VUSKOVIC;ALBURQUENQUE;TERCER AÑO;2005-01;2006-01
HW1;Magia;2001-01;522371;S;BLOQUEO POR NO INSCRIPCION;10687514;5;RUTH;NATHALY;ARANCIBIA;VENDITTI;INGRESO;2001-01;2001-01
GH1;Magia;2003-01;507027;S;ALUMNO CON DEUDA MOROSA;16107931;1;BEATRI;WALERIANNY;BORLANDO;ZEBALLOS;QUINTO AÑO - EGRESO;2008-01;2008-01
HW2;Magia;2010-02;503645;N;Sin Bloqueo;14275655;7;JAMILY;NIBALDO;BAHAMONDES;OSPITAL;INGRESO;2010-02;2010-02
HP1;Magia;1989-01;410758;S;ALUMNO EGRESADO;19446362;7;VINKA;MACKARENA;WARLES;GENERAL;INGRESO;1989-01;1994-02
HW2;Magia;2006-01;421343;S;ELIMINADO POR INCUMPLIMIENTO DE NORMATIVA - NO SE APROBO EL MINIMO DE ASIGNATURAS O CREDITOS DEFINIDO;23942213;K;LISSET;NIKOLA;JULIO;URZÚA;INGRESO;2006-01;2006-02
HP1;Magia;1983-01;478754;S;BLOQUEO POR NO INSCRIPCION;25183836;3;FRANCHESCA;DEMARCO;DEL VILLAR;DEMARCO;INGRESO;1983-01;1987-01
GH1;Magia;2003-01;463031;N;Sin Bloqueo;12418141;3;IBRAHIM;VALESKA;MAGNA;ARCAY;QUINTO AÑO - EGRESO;2009-01;2009-01
HP1;Magia;1985-01;552449;S;BLOQUEO POR NO INSCRIPCION;13444250;K;ALLIN;JESUS;BARROS;CANIHUANTE;INGRESO;1985-01;1998-01
HW2;Magia;2006-01;564320;S;BLOQUEO POR NO INSCRIPCION;14327644;7;VERON;CAMILLA;CARRILO;LETTURA;10 SEMESTRE - EGRESO;2010-02;2010-02
HW2;Magia;2011-01;619819;S;ALUMNO LICENCIADO;12926809;0;ABDIAS;ANTONIA;LONCOMILLA;JORDAN;LICENCIATURA EN CIENCIAS JURIDICAS Y SOCIALES;2018-01;2018-01
HW2;Magia;2018-01;451978;S;ALUMNO EGRESADO;18981663;8;ROMINNA;RAISA;ANDAUR;TOSSO;10 SEMESTRE - EGRESO;2022-02;2022-02
HW2;Magia;2012-01;619981;N;Sin Bloqueo;9571247;5;MARBEL;FRANCISCO;SARTORIUS;MONRROY;4 SEMESTRE;2015-01;2016-01
HP1;Magia;1992-01;383388;S;BLOQUEO POR NO INSCRIPCION;14713117;K;KRISHNA;EPIFANIA;ZÚÑIGA;APABLAZA;INGRESO;1992-01;2000-01
HW1;Magia;2002-01;546343;S;BLOQUEO POR EXPEDIENTE SIN CALIFICACIONES, CONVALIDACIONES NI INSCRIPCION;19672248;5;NALLABETH;PLUSKAL;HIPP;ROZAS;INGRESO;2002-01;
HW1;Magia;2001-01;565377;S;ALUMNO CON DEUDA MOROSA;11016476;4;ANÍBAL;GRACIE;MELLER;OCARANZA;INGRESO;2001-01;
PH2;Magia;2006-01;639062;S;ALUMNO CON DEUDA MOROSA;4231986;7;ISAIAS;PROSIDIA;ANTILAO;VIVALLO;INGRESO;2006-01;2006-01
PH2;Magia;2014-01;454292;S;ALUMNO CON DEUDA MOROSA;18555248;1;MARYORY;BAYTIARE;ADASME;CARIPÁN;INGRESO;2014-01;2014-01
HW2;Magia;2007-01;605690;S;SUSPENSION DE ESTUDIOS;5887165;4;ANTONIA;BELEN;DONDERS;QUIERO;INGRESO;2007-01;
GH1;Magia;2003-01;508059;S;SUSPENSION DE ESTUDIOS;4266844;8;SIGISFREDO;ANDRÉA;VILLAROEL;ALIAGA;INGRESO;2003-01;
HP1;Magia;1996-01;487670;S;BLOQUEO POR NO INSCRIPCION;14635813;4;FELICIANO;FRANKO;ALMONTE;PASSALACQUA;INGRESO;1996-01;1996-02
HW1;Magia;2003-01;483336;S;BLOQUEO POR NO INSCRIPCION;15638855;1;SANDRITH;FELIP;WISNIA;CEJUDO;INGRESO;2003-01;2003-02
HP1;Magia;1983-01;551310;S;ALUMNO EGRESADO;6620207;K;HENID;NEO;MELO;ILABACA;QUINTO AÑO- EGRESO;1997-01;1997-01
HW1;Magia;2001-01;439359;S;BLOQUEO POR NO INSCRIPCION;23487285;0;ILSE;HODETH;CANALES;NAHMÍAS;INGRESO;2001-01;2002-01
HP1;Magia;1992-01;531410;S;BLOQUEO POR NO INSCRIPCION;19489569;5;RUBÉN;MARIANO;BOBADILLA;VANZETTI;INGRESO;1992-01;1999-01
HW2;Magia;2007-01;610638;N;Sin Bloqueo;9082867;K;ERNI;ROMANINA;ARAGON;JOFRE;LICENCIATURA EN CIENCIAS JURIDICAS Y SOCIALES;2011-02;2011-02
HW1;Magia;2002-01;499344;S;ALUMNO EGRESADO;17475153;4;ESMILIAN;OSCIEL;PAPAGALLO;ELICES;QUINTO AÑO - EGRESO;2006-02;2006-02
HW1;Magia;2003-01;395350;S;BLOQUEO POR NO INSCRIPCION;8767800;4;IGOR;JEFERSON;BASCUÑÁN;BASUALDO;INGRESO;2003-01;2003-02
GH3;Magia;2007-01;612049;S;ELIMINADO POR INCUMPLIMIENTO DE NORMATIVA - SOBREPASO EL N° DE OPORTUNIDADES PARA SUPERAR ASIGNATURAS;8872257;3;KATHRYNNA;CAMILO;HERMAN;DECEBAL-CUZA;INGRESO;2007-01;2010-01
GH1;Magia;2004-01;632012;S;BLOQUEO POR NO INSCRIPCION;20771632;4;RAISA;CRISTIA;MC-NIVEN;FRANETOVIC;SEGUNDO AÑO;2006-02;2007-01
HP1;Magia;1991-01;596594;S;BLOQUEO POR NO INSCRIPCION;10530989;6;ANAMARIA;DALMA;O'KUINGHTON;MACHUCA;QUINTO AÑO- EGRESO;1999-01;1999-01
HW1;Magia;2000-01;520393;S;BLOQUEO POR NO INSCRIPCION;25047576;8;GIANCAR;JANNIFFER;ASPEE;BALBONTÌN;INGRESO;2000-01;2000-02
HW1;Magia;2002-01;389330;S;ALUMNO EGRESADO;17324958;2;AGUSTINA;JESSICCA;PINO;DAUDEN;QUINTO AÑO - EGRESO;2006-02;2006-02
HP1;Magia;1996-01;557627;S;BLOQUEO POR NO INSCRIPCION;25097309;2;RONNIE;SIMONE;BARRÍA;CERRUTTI;INGRESO;1996-01;1996-02
HP1;Magia;2003-01;466647;S;BLOQUEO POR NO INSCRIPCION;19008419;6;JOSECARO;ERWIN;ARREDONDO;MARTIS;INGRESO;2004-01;2004-01
HW1;Magia;2003-01;635348;S;CAMBIO DE PLAN O CARRERA;20802665;6;AISELLE;CONSTANSA;MERINO;BETHENCOURT;INGRESO;2003-01;2003-02
HW2;Magia;2005-01;568077;S;ELIMINADO POR INCUMPLIMIENTO DE NORMATIVA - NO SE APROBO EL MINIMO DE ASIGNATURAS O CREDITOS DEFINIDO;14897569;6;ATILIANO;YOLANDA;CAYUMÁN;VIAL;INGRESO;2005-01;2005-02
HW2;Magia;2016-01;602748;S;ALUMNO EGRESADO;14626087;6;KIMI;MILKA;DEVIANI;URTEAGA;10 SEMESTRE - EGRESO;2023-01;2023-01
HW1;Magia;2000-01;582417;S;BLOQUEO POR NO INSCRIPCION;22530431;K;DANNIELA;DICARLO;ARENA;ANFRUNS;INGRESO;2000-01;2000-02
HW2;Magia;2007-01;556567;S;ELIMINADO POR INCUMPLIMIENTO DE NORMATIVA - NO SE APROBO EL MINIMO DE ASIGNATURAS O CREDITOS DEFINIDO;19152228;0;MARISO;KENIA;QUIJADA;LLANCAS;INGRESO;2007-01;2008-02
HP1;Magia;1996-01;574692;S;ALUMNO EGRESADO;20177004;6;KENYERIT;JAEN;ERLER;LLAÑA;INGRESO;1996-01;2000-02
HP1;Magia;1991-01;375651;S;ALUMNO CON DEUDA MOROSA;22278175;2;RAÚL;ELUNEY;FUSTER;FACCUSE;CUARTO AÑO;2003-01;2004-01
HP1;Magia;1983-01;592856;S;ALUMNO EGRESADO;13857766;1;HELENA;AISELLE;LA REGLA;CISTERNAS;QUINTO AÑO- EGRESO;1989-01;1990-01
HW1;Magia;2004-01;615516;S;ALUMNO CON DEUDA MOROSA;20376585;0;AAROM;JODIE;PALZA;TUDELA;INGRESO;2004-01;2004-02
HP1;Magia;2004-01;410750;S;ALUMNO EGRESADO;14796506;7;SANDRINO;AND.;VIVAR;TIZNADO;SEGUNDO AÑO;2008-01;2008-01
HW1;Magia;2004-01;377518;S;CAMBIO DE PLAN O CARRERA;17145870;7;EDGAR;RAIMUNDO;ECHENIQUE;VALLADARES;CUARTO AÑO;2007-01;2007-01
GH2;Magia;2007-01;516073;S;ALUMNO CON DEUDA MOROSA;12091127;8;NAIARA;SCARLYN;SAENZ;BOGADO;INGRESO;2007-01;2007-01
PH2;Magia;2006-01;369059;S;BLOQUEO POR NO INSCRIPCION;6035387;7;DANYA;NELDYS;TRAUB;BUSTAMANTE;3 SEMESTRE;2008-02;2008-02
HW2;Magia;2007-01;628568;N;Sin Bloqueo;23793226;7;GEORGIN;ISAI;SALUM;SAPAJ;10 SEMESTRE - EGRESO;2011-02;2011-02
HW2;Magia;2005-01;480133;S;ELIMINADO POR INCUMPLIMIENTO DE NORMATIVA - SOBREPASO EL N° DE OPORTUNIDADES PARA SUPERAR ASIGNATURAS;8795218;3;WALESKA;LUCYNEIDE;CALVO;CATENA;INGRESO;2005-01;2005-02
HW2;Magia;2006-01;486359;N;Sin Bloqueo;12472755;4;SOFÍA;EUGENI;MONTAGNA;OLATE;10 SEMESTRE - EGRESO;2015-02;2015-02
HP1;Magia;1991-01;404669;S;ALUMNO EGRESADO;6660943;4;MILY;JENSON;CARBONELL;PAILLALEF;INGRESO;1991-01;2000-01
HP1;Magia;1991-01;573583;S;BLOQUEO POR NO INSCRIPCION;24845605;9;STEPAHANIE;DELROCÍO;AEDO;CHACC;INGRESO;1991-01;1996-02
PH2;Magia;2013-01;643261;S;ELIMINADO POR INCUMPLIMIENTO DE NORMATIVA - SOBREPASO EL N° DE OPORTUNIDADES PARA SUPERAR ASIGNATURAS;5042928;2;SEBÁSTIAN;KONSTANZA;ECHANIZ;HUENUL;5 SEMESTRE;2016-02;2017-02
HW2;Magia;2012-01;631988;N;Sin Bloqueo;19274220;6;CHRISTOFHER;BELÉN;INDA;FIGUEREDO;LICENCIATURA EN CIENCIAS JURIDICAS Y SOCIALES;2022-02;2022-02
HP1;Magia;1996-01;502691;S;BLOQUEO POR NO INSCRIPCION;12304332;9;MORY;YENNY;AGÜERO;DEVAUD;INGRESO;1996-01;1998-01
HP1;Magia;1991-01;521681;S;BLOQUEO POR NO INSCRIPCION;18927984;2;MERY;CHRISTIAAN;GRAMOLA;AVILÉS;INGRESO;1991-01;1993-01
HP1;Magia;1991-01;446485;S;BLOQUEO POR NO INSCRIPCION;11701972;4;ESTEFANIA;MAIBEET;QUAPPE;BUSTOS;INGRESO;1991-01;1997-02
PH2;Magia;2005-01;581025;S;SUSPENSION DE ESTUDIOS;24752015;0;GIANELLA;LEONA;HUIRCAPÁN;CANTILLANA;1 SEMESTRE;2005-01;2005-01
HP1;Magia;1995-01;384906;S;BLOQUEO POR NO INSCRIPCION;17293770;1;GABY;BETZABE;POVEDA;VALLEJO;INGRESO;1995-01;1996-01
HP1;Magia;1986-01;398638;S;ALUMNO EGRESADO;23094908;K;RENATTA;NAYIBEL;RADIC;LINARES;INGRESO;1986-01;1999-01
HW2;Magia;2007-01;500604;N;Sin Bloqueo;7906197;0;OLDENIS;EMILLE;CASANGA;TAMAYO;10 SEMESTRE - EGRESO;2015-02;2015-02
HP1;Magia;1997-01;531554;S;BLOQUEO POR NO INSCRIPCION;8200056;8;INÉS;PATRICA;LETELIER;ARISTE;INGRESO;1997-01;1999-02
HP1;Magia;1997-01;481564;S;ALUMNO EGRESADO;17539509;1;FABRIZIO;DOMINIQUE;GRIGOROVIC;KLIMPEL;INGRESO;1997-01;2002-01
HP1;Magia;1984-01;508774;S;ALUMNO EGRESADO;17689418;0;CLEMENTE;ANDRINA;ORDENES;PUIG;QUINTO AÑO- EGRESO;1994-01;1994-01
HP1;Magia;1993-01;405766;N;Sin Bloqueo;9333144;8;JISSELE;AMADIEL;MACHO;PONCE;QUINTO AÑO- EGRESO;1991-01;1991-01
HP1;Magia;1999-01;554011;S;ALUMNO EGRESADO;13936604;7;JESABEL;JESSICA;ANTIHUENO;ROCHET;INGRESO;1999-01;2000-02
HP2;Magia;2007-01;589255;S;SUSPENSION DE ESTUDIOS;10683330;2;CAMILLE;ESTIVALYA;PERALTA;LATTUS;2 SEMESTRE;2010-01;
HW1;Magia;2002-01;555326;S;BLOQUEO POR NO INSCRIPCION;16692810;2;CINDY;DENISSE;VEGLIA;NOULIBOS;INGRESO;2002-01;2002-02
HW2;Magia;2007-01;532685;S;CAMBIO DE PLAN O CARRERA;12633879;2;AARON;KATHRYNNA;TELLO;ZURITA;2 SEMESTRE;2008-02;2009-02
HW2;Magia;2006-01;555332;N;Sin Bloqueo;7068961;6;SUE;VICTORIA;TRAUTMANN;TOLOSA;10 SEMESTRE - EGRESO;2010-02;2010-02
HW2;Magia;2008-01;435927;N;Sin Bloqueo;23095590;K;HAINZ;INTI;1;BORLONE;2 SEMESTRE;2009-01;2011-02
HW1;Magia;2000-01;376400;S;BLOQUEO POR NO INSCRIPCION;7319067;1;FABRIZZIO;ODETTE;VIVANCO;BALBOA;INGRESO;2000-01;2000-02
HW2;Magia;2010-02;570630;N;Sin Bloqueo;21493297;1;JAMILY;GRITCHEL;CARRIEL;CALLE;10 SEMESTRE - EGRESO;2015-02;2015-02
HP1;Magia;1988-01;389802;S;ALUMNO EGRESADO;11714562;1;DIORSA;MAUREEN;WATANABE;FURKERT;SEGUNDO AÑO;1990-01;1993-02
HW2;Magia;2006-01;627283;S;ELIMINADO POR INCUMPLIMIENTO DE NORMATIVA - NO SE APROBO EL MINIMO DE ASIGNATURAS O CREDITOS DEFINIDO;10614817;1;JHOSELIN;MALENKA;DUPRE;PEÑALOZA;1 SEMESTRE;2007-01;2008-02
HW2;Magia;2006-01;499235;S;ALUMNO CON DEUDA MOROSA;8923236;9;EMANUEL;AMÉRICO;MEYER;PUEBLA;INGRESO;2006-01;
HP1;Magia;1996-01;563637;S;ALUMNO EGRESADO;25899265;0;KAROLAY;NORMANDINY;ORMAZÁBAL;BLANC;INGRESO;1996-01;1999-01
HW1;Magia;2000-01;580389;S;BLOQUEO POR EXPEDIENTE SIN CALIFICACIONES, CONVALIDACIONES NI INSCRIPCION;9995365;9;GRACE;ANDREE;PARAUD;CAVADA;INGRESO;2000-01;
HW1;Magia;2000-01;533407;S;BLOQUEO POR NO INSCRIPCION;22218956;9;MAIDA;MARIAN;LÉPEZ;VILLAROEL;INGRESO;2000-01;2000-02
HW2;Magia;2005-01;557107;S;SUSPENSION DE ESTUDIOS;23250765;4;BERNARDA;AAROM;PEYRESBLANQUES;FRITZLER;INGRESO;2005-01;
HW2;Magia;2008-01;549838;S;ALUMNO CON DEUDA MOROSA;5833258;2;SIVONNEY;GENAISSE;CORTÉS- MONROY;DOGGENWEILER;2 SEMESTRE;2009-02;2010-01
HP1;Magia;1988-01;430765;S;ALUMNO EGRESADO;23734593;9;AXELL;PIER;DAWSON;ACHIARDI;CUARTO AÑO;1991-01;1993-01
HP1;Magia;1996-01;593634;S;BLOQUEO POR NO INSCRIPCION;6060741;4;MIRIAN;ZENAI;ILDEFONSO;SAFFIE;INGRESO;1996-01;1997-02
HW1;Magia;2008-02;473823;S;ALUMNO EGRESADO;22028694;9;YANTHIL;PIERIS;ORÓSTICA;LUSTIG;QUINTO AÑO - EGRESO;2009-01;2009-01
HW1;Magia;2000-01;479384;S;BLOQUEO POR NO INSCRIPCION;24775377;1;LORENZO;ARIÓN;ARBUNIC;HUBERMAN;INGRESO;2000-01;2000-02
HW2;Magia;2006-01;527227;S;ELIMINADO POR INCUMPLIMIENTO DE NORMATIVA - NO SE APROBO EL MINIMO DE ASIGNATURAS O CREDITOS DEFINIDO;9120619;4;JULIÁN;SASHA;BALIENTE DE LA BARRA;VERGARA;2 SEMESTRE;2007-01;2007-02
HW2;Magia;2006-01;524348;S;ELIMINADO POR INCUMPLIMIENTO DE NORMATIVA - SOBREPASO EL N° DE OPORTUNIDADES PARA SUPERAR ASIGNATURAS;10044729;1;ELENA;EMILE;CAROZZI;FLORIDO;2 SEMESTRE;2007-01;2008-02
HW1;Magia;2003-01;545321;S;ELIMINADO POR INCUMPLIMIENTO DE NORMATIVA - NO SE APROBO EL MINIMO DE ASIGNATURAS O CREDITOS DEFINIDO;11292868;9;FELIP;ROMANINA;ORMAZÁBAL;MELLADO;INGRESO;2003-01;2004-01
HP1;Magia;2000-01;436229;S;ALUMNO EGRESADO;16832615;0;YASMÍN;DIANA;CAMINADA;BERRIOS;QUINTO AÑO- EGRESO;2010-01;2002-02
HP1;Magia;1998-01;498370;S;BLOQUEO POR NO INSCRIPCION;7572584;0;DANTE;PLUSKAL;CALDERÓN;RENDOLL;INGRESO;1998-01;1998-02
HP1;Magia;1996-01;635701;S;BLOQUEO POR NO INSCRIPCION;4519082;K;INDULFO;SANTOS;SAINT-JEAN;CATALAN;INGRESO;1996-01;1996-02
HP1;Magia;1985-01;473840;S;BLOQUEO POR NO INSCRIPCION;4247983;9;GLADYS;KATINA;GHIO;LISPERGUER;QUINTO AÑO- EGRESO;1990-01;1990-01
PH2;Magia;2008-01;386147;S;ALUMNO CON DEUDA MOROSA;22841052;1;FREDD;DORA;CANO;NOLI;INGRESO;2008-01;2008-01
HP1;Magia;1996-01;465632;S;BLOQUEO POR NO INSCRIPCION;6703957;7;AMY;ERIC;VICUÑA;HAMATI;INGRESO;1996-01;1996-02
HP1;Magia;1995-01;368913;S;BLOQUEO POR NO INSCRIPCION;20330036;2;ERICSON;SEILYT;SAGUA;CHIANG;INGRESO;1995-01;1998-01
HP1;Magia;1997-01;366452;S;ALUMNO EGRESADO;19414644;K;ORIELLE;SELENE;FUENTES;WEBER;INGRESO;1997-01;2002-01
HW2;Magia;2006-01;593240;S;SUSPENSION DE ESTUDIOS;8539598;6;KATINA;STEPHANY;KOHLE;COÑOEPAN;INGRESO;2006-01;
PH2;Magia;2009-01;472157;S;BLOQUEO FINANCIERO DESERTOR CAE;10248599;8;HAYDELI;ALBERTINA;DENIS;LLANCAPÁN;INGRESO;2009-01;2009-02
GH3;Magia;2009-01;491087;S;ALUMNO CON DEUDA MOROSA;11921199;1;ÁNGELA;NICOLS;CHACANO;DE LA RIVERA;INGRESO;2009-01;2009-01
HW1;Magia;2002-01;450346;S;BLOQUEO POR EXPEDIENTE SIN CALIFICACIONES, CONVALIDACIONES NI INSCRIPCION;15686224;5;GIANINNA;WELLINGTON;LUCERO;MELYS;INGRESO;2002-01;
HP1;Magia;1993-01;487273;S;ALUMNO EGRESADO;6993018;2;MONICA;ALLAN;VASQUEZ;EGAÑA;INGRESO;1993-01;1997-02
HW2;Magia;2006-01;627305;N;Sin Bloqueo;10412613;6;YOHANA;LILIANE;BORGOÑO;ROSERO;LICENCIATURA EN CIENCIAS JURIDICAS Y SOCIALES;2017-01;2017-01
HP1;Magia;1992-01;418369;S;ALUMNO EGRESADO;20622578;9;RODRIGO;VANIA;BENEVENTI;BLAMEY;INGRESO;1992-01;1997-01
HW2;Magia;2012-01;441994;S;ALUMNO CON DEUDA MOROSA;6170416;7;ALE.;BENNETT;MARRERO;BORDOY;INGRESO;2012-01;2013-01
HW2;Magia;2024-01;602442;S;SUSPENSION DE ESTUDIOS;7757903;K;PORFIRIO;INGUIGUOL;BALHARRY;EGAÑA;INGRESO;2024-01;2024-01
HP1;Magia;1986-01;529795;S;ALUMNO EGRESADO;24186078;4;CRISHNA;SILAS;KRAUSS;WISNIA;SEGUNDO AÑO;1990-01;1995-01
HW2;Magia;2005-01;457150;S;ALUMNO CON DEUDA MOROSA;10116290;6;AMOS;PORFIRIO;VIEIRA;BISQUERTT;INGRESO;2005-01;2005-02
HP1;Magia;1995-01;463924;S;BLOQUEO POR NO INSCRIPCION;11882633;1;BENEDICTO;ANYELINA;SIEVERS;TRUJILLO;INGRESO;1995-01;2003-02
HP1;Magia;1991-01;509782;S;BLOQUEO POR NO INSCRIPCION;16513143;6;MAGALY;DALYS;SUKNI;MASCARO;SEGUNDO AÑO;1993-01;1995-01
HP1;Magia;1990-01;610647;S;BLOQUEO POR NO INSCRIPCION;12667629;1;GILDA;ANASTACIA;CAMINADA;FISCHER;INGRESO;1990-01;1995-01
HP1;Magia;1993-01;591205;S;BLOQUEO POR NO INSCRIPCION;18839085;5;FLORENCIO;GRICHKA;HUGEAT;POZAS;INGRESO;1993-01;1999-01
HP1;Magia;1997-01;603465;S;BLOQUEO POR NO INSCRIPCION;25763176;7;RENÁN;EMA;LA FLOR;ÑANCO;INGRESO;1997-01;1997-01
HW2;Magia;2014-01;480463;S;ALUMNO CON DEUDA MOROSA;9517010;6;ANAYS;GABRIEL;CARCAMO;PASTORIZA;INGRESO;2014-01;
HP1;Magia;1996-01;441858;S;ALUMNO EGRESADO;16653831;9;MANLIO;CARINA;DENEGRI;MANGHI;QUINTO AÑO- EGRESO;2000-01;2000-01
HP1;Magia;1993-01;510328;S;BLOQUEO POR NO INSCRIPCION;14902585;0;RENATO;JENNY;GEHL;FROSCHKE;INGRESO;1993-01;1996-01
HP1;Magia;1992-01;505500;S;BLOQUEO POR NO INSCRIPCION;19857128;7;MATTEO;MARICEL;MASFERRER;SERVAT;INGRESO;1992-01;1997-01
HP1;Magia;1987-01;594731;S;ALUMNO EGRESADO;4424814;0;QUILLEN;ADRIANA;MELLA;PRAT;QUINTO AÑO- EGRESO;1994-01;1994-01
HP1;Magia;1998-01;615480;S;ALUMNO EGRESADO;17377522;8;ZORAN;JEANNETTE;DENEY;JILES;INGRESO;1993-01;2001-01
WH2;Hechicería;2019-01;534232;N;Sin Bloqueo;16005442;2;EUSEB;VIOLETHA;ZÚÑIGA;KLEIN;10 SEMESTRE - TITULO TRABAJADOR(A) SOCIAL;2020-02;2020-02
HW1;Magia;2000-01;394403;S;ALUMNO CON DEUDA MOROSA;16756037;3;JACOBO;GRECIA;CARTES;BUSTOS;PRIMER AÑO;2003-01;2005-01
HW2;Magia;2000-01;653938;S;ELIMINADO POR INCUMPLIMIENTO DE NORMATIVA - SOBREPASO EL N° DE OPORTUNIDADES PARA SUPERAR ASIGNATURAS;17813467;3;SANTI;YOLANDA;CHÁVEZ;JANS;4 SEMESTRE;2009-01;2010-01
HW1;Magia;2001-01;555422;S;BLOQUEO POR NO INSCRIPCION;10627237;9;AMÉRICO;CYNTHIA;VILLAGRÁN;HERBORN;INGRESO;2001-01;2001-02
HP1;Magia;1992-01;519387;S;ALUMNO EGRESADO;10770959;1;TOMISLAV;URBANO;JONES;PALLARES;INGRESO;1992-01;1997-02
HP1;Magia;1992-01;506400;S;BLOQUEO POR NO INSCRIPCION;19123405;5;SANDY;ANAMARIA;ESCANDÓN;DAPIK;INGRESO;1992-01;1997-02
HW2;Magia;2012-01;432073;N;Sin Bloqueo;11300074;6;ISIDRO;ANTOLIN;BARON;PUIG;INGRESO;2012-01;
HW2;Magia;2023-01;588363;N;Sin Bloqueo;15366552;8;MARY;KAREM;WITTERSHEIM;ROSSEL;INGRESO;2023-01;2023-01
HP1;Magia;1993-01;576241;S;BLOQUEO POR NO INSCRIPCION;11785035;8;LISSETTE;ALGUIRIA;LANGENBACH;MAURAS;INGRESO;1993-01;1996-02
HP1;Magia;1996-01;646683;S;ALUMNO EGRESADO;13098977;3;SUIYI;EVAR;FICHER;ORLANDI;QUINTO AÑO- EGRESO;2000-02;2000-02
HP1;Magia;1992-01;452375;S;BLOQUEO POR NO INSCRIPCION;25846611;4;GIOVANNA;ALIN;PAZOS;MESINA;INGRESO;1992-01;1997-02
HP1;Magia;1991-01;377626;S;BLOQUEO POR NO INSCRIPCION;12427752;7;JASMINA;ELESMA;ALUCEMA;PUEBLA;INGRESO;1991-01;1999-01
HW1;Magia;2002-01;652341;S;ELIMINADO POR INCUMPLIMIENTO DE NORMATIVA - NO SE APROBO EL MINIMO DE ASIGNATURAS O CREDITOS DEFINIDO;15877997;4;ROSER;OLGA;PALAMARA;COYOPAE;SEGUNDO AÑO;2005-01;2006-01
HP1;Magia;1992-01;556504;S;BLOQUEO POR NO INSCRIPCION;13844414;2;JARELLY;KATTHERINE;TERAWAKI;SMITH;INGRESO;1992-01;1998-01
HW2;Magia;2005-01;546045;S;SUSPENSION DE ESTUDIOS;6898915;1;KENDRA;YACIARA;TRAUB;VILLAMAN;INGRESO;2005-01;
HP1;Magia;1989-01;410780;N;Sin Bloqueo;7716169;7;ALDOLFO;ROMINA;ARMETTA;SAINTARD;INGRESO;1989-01;1994-01
HP1;Magia;1994-01;530134;S;BLOQUEO POR NO INSCRIPCION;11232536;6;NAHARA;MILKO;CORBALÁN;ACHAVAR;INGRESO;1994-01;1998-01
HP1;Magia;1989-01;605643;S;BLOQUEO POR NO INSCRIPCION;7415738;7;ANA;GRACIA;FAJARDO;ZANOTTI;INGRESO;1989-01;1998-02
HP1;Magia;1991-01;469605;S;BLOQUEO POR NO INSCRIPCION;11593081;6;GIANCARLO;PROSIDIA;ROHRBECK;CALABRÁN;INGRESO;1991-01;1996-02
HP1;Magia;1991-01;471722;S;BLOQUEO POR NO INSCRIPCION;11299221;5;INDULFO;NERY;FARIÑA;THEZA;INGRESO;1991-01;1994-02
HP1;Magia;1992-01;552490;S;BLOQUEO POR NO INSCRIPCION;13440515;7;GEOVANA;ESTHEFANI;NOCHES;BARCELÓ;INGRESO;1992-01;1998-01
HP1;Magia;1996-01;444671;S;ALUMNO EGRESADO;9137371;5;GEOVANA;GRETCHEN;PAGANI;VELÁSQUEZ;INGRESO;1996-01;1999-02
HP1;Magia;1987-01;534873;N;Sin Bloqueo;14433840;9;LISETTE;MAIBEET;GÓMEZ;DEVIANI;INGRESO;1987-01;1994-02
HP1;Magia;1994-01;570084;S;BLOQUEO POR NO INSCRIPCION;24429174;9;JAKELIN;AGUSTÍN;MONTENEGRO;PREMINGER;INGRESO;1994-01;1998-02
PH2;Magia;2006-01;386054;S;ALUMNO CON DEUDA MOROSA;15125669;1;BERNI;STABRIN;SOLÍS;MARIN;INGRESO;2006-01;2006-02
HP1;Magia;1996-01;531697;S;BLOQUEO POR NO INSCRIPCION;16349104;9;ARANZA;YANTHIL;MARRERO;LUNA;INGRESO;1996-01;1996-01
PH2;Magia;2005-01;406018;S;ALUMNO CON DEUDA MOROSA;6558796;3;STEFANOS;ARIEL;ALIAGA;CACERES;1 SEMESTRE;2005-01;2005-01
HP1;Magia;1996-01;459704;S;BLOQUEO POR NO INSCRIPCION;11500546;K;KIMIE;RITA;SALVO;SALAMANCA;INGRESO;1996-01;1999-01
HW2;Magia;2013-01;457362;N;Sin Bloqueo;6974569;5;ANDRESSA;TRACY;BASSI;GALVEZ;INGRESO;2013-01;
HW2;Magia;2007-01;574696;S;SUSPENSION DE ESTUDIOS;5890068;7;TAIS;FRANCIA;GAETE;CHÁVEZ;INGRESO;2007-01;2007-02
HW1;Magia;2004-01;617541;S;ALUMNO EGRESADO;6245336;4;ENMARYS;DELROCÍO;HOLGADO;ARGANDOÑA;QUINTO AÑO - EGRESO;2008-01;2008-01
HW1;Magia;2000-01;643398;S;ALUMNO LICENCIADO;14665398;1;STEVE;KATHYNNA;BALANDA;CALLE;QUINTO AÑO - EGRESO;2007-01;2007-01
HW1;Magia;2000-01;487401;S;BLOQUEO POR EXPEDIENTE SIN CALIFICACIONES, CONVALIDACIONES NI INSCRIPCION;21582042;K;MIXCY;TITO;MORGADO;SAPIAINS;INGRESO;2000-01;
HW2;Magia;2006-02;562452;S;SUSPENSION DE ESTUDIOS;15185808;5;ZORAN;GIANCARLO;RIVILLO;MALATESTA;INGRESO;2006-02;
HP1;Magia;1993-01;378247;S;BLOQUEO POR NO INSCRIPCION;10193867;4;KIARA;ELCIRA;OLEA;GARDEL;INGRESO;1993-01;1997-02
HP1;Magia;1992-01;513313;S;BLOQUEO POR NO INSCRIPCION;15018748;6;CARINA;ALESSANDRA;POWELL;RICHTER;INGRESO;1992-01;1996-02
HW1;Magia;2008-02;632831;S;ALUMNO EGRESADO;15331507;9;MASSIEL;AIRY;OLMOS;STUARDO;QUINTO AÑO - EGRESO;2009-02;2009-02
HP1;Magia;1994-01;454011;S;BLOQUEO POR NO INSCRIPCION;18765489;3;MARIELLY;BERNARDITA;CADIZ;GARCES;INGRESO;1994-01;1999-01
HW1;Magia;2001-01;421424;S;BLOQUEO POR NO INSCRIPCION;8021705;0;VALENTÍN;MIRNA;ENAKIHIE;HUENCHUÑAN;INGRESO;2001-01;2001-01
HP1;Magia;1991-01;436570;S;ALUMNO EGRESADO;19044727;0;DENISE;MIHOVIL;COTTET;EPIFANI;QUINTO AÑO- EGRESO;1996-02;1996-02
HP1;Magia;1990-01;518663;S;BLOQUEO POR NO INSCRIPCION;9357022;1;YISLEYM;ENGEL;BASAY;KACHELE;QUINTO AÑO- EGRESO;1996-01;1996-02
HW2;Magia;2010-01;426524;S;ALUMNO CON DEUDA MOROSA;11337854;6;ANNAIS;TANIA;ISLA;ABARZA;INGRESO;2010-01;2010-01
HP1;Magia;1996-01;369809;S;BLOQUEO POR NO INSCRIPCION;17723360;4;JOCSAN;AILYN;VIDAL;DOGGENWEILER;INGRESO;1996-01;1996-01
HP1;Magia;1990-01;643648;S;BLOQUEO POR NO INSCRIPCION;21124018;3;ESCARLETT;BENJAMÍN;SAGREDO;MARZUQA;INGRESO;1990-01;1997-01
HW2;Magia;2013-01;411308;N;Sin Bloqueo;17809690;2;JESSICA;LORNA;HICKS;HIJAZIN;10 SEMESTRE - EGRESO;2018-01;2018-01
HP1;Magia;1997-01;423604;S;ALUMNO EGRESADO;21043581;2;GIOVANA;PRISILA;SANTELICES;STORMESAN;INGRESO;1997-01;2001-01
HW2;Magia;2006-02;647453;S;ELIMINADO POR INCUMPLIMIENTO DE NORMATIVA - NO SE APROBO EL MINIMO DE ASIGNATURAS O CREDITOS DEFINIDO;23639203;6;AGHATA;NAHARA;PONTIGO;LAVIN;INGRESO;2006-02;2007-01
HP1;Magia;1992-01;367505;S;BLOQUEO POR NO INSCRIPCION;17603358;9;MARLOS;EVANS;ODE;BARRUETOS;INGRESO;1992-01;1998-02
HP1;Magia;1995-01;463916;S;BLOQUEO POR NO INSCRIPCION;11542829;6;DARLENE;MARTHA;ATANASSOV;NATIVIA;INGRESO;1995-01;1996-01
HW2;Magia;2006-01;638334;S;BLOQUEO POR NO INSCRIPCION;13488316;6;CAROLIN;INDRY;ESPÍNOLA;ARAUCO;LICENCIATURA EN CIENCIAS JURIDICAS Y SOCIALES;2015-01;2015-01
HW2;Magia;2009-02;426339;S;ALUMNO CON DEUDA MOROSA;11318937;3;LIBERA;ERMELINDA;BORGOÑO;MERINO;INGRESO;2009-02;2009-02
HW2;Magia;2011-01;612835;S;SUSPENSION DE ESTUDIOS;4903264;2;VICTOR;GIULISSA;CRAIG;HOFMANN;INGRESO;2011-01;
HP1;Magia;1993-01;551283;S;ALUMNO EGRESADO;10555684;7;GEORGEANA;STEFANI;DEPAUX;REVILLA;CUARTO AÑO;2002-01;2002-01
HP1;Magia;1998-01;476282;S;BLOQUEO POR NO INSCRIPCION;6570074;1;MICAL;MARLENNE;JOIGNANT;LEYTON;INGRESO;1998-01;1998-02
HW1;Magia;2004-01;506545;N;Sin Bloqueo;13591032;2;THIARE;ALLAN;BLANCO;RABELO;QUINTO AÑO - EGRESO;2015-01;2015-01
HP1;Magia;1998-01;469421;S;ALUMNO EGRESADO;10230999;0;JEAN;OSMAR;PARRAGUEZ;RUGGIERO;TERCER AÑO;2003-01;2004-01
HP1;Magia;1993-01;466350;S;ALUMNO EGRESADO;11996759;4;GYSSEL;JEAN;CANTILLAN;TAMBORINO;INGRESO;1993-01;1997-02
HP1;Magia;1992-01;430431;S;BLOQUEO POR NO INSCRIPCION;23469870;9;NELLY;HERMIONE;BUNOUT;ZANOTTI;INGRESO;1992-01;1997-02
HP1;Magia;1990-01;534714;S;BLOQUEO POR NO INSCRIPCION;24401968;K;MERICIA;MANDA;ARBUNIC;PITRÓN;INGRESO;1990-01;1994-01
HP1;Magia;1986-01;510651;S;ALUMNO EGRESADO;10262928;8;MIKELA;ESCARLETT;ESCÁRATE;NEGRÓN;QUINTO AÑO- EGRESO;2004-02;2004-02
HG1;Programa Especial de Licenciatura en Hechicería;2019-01;611068;N;Sin Bloqueo;8115280;4;JUANA;DARLHYN;LINCO;ORTEGO;SEGUNDO SEMESTRE - GRADO LICENCIADO;2019-02;2019-02
PH2;Magia;2010-01;564198;N;Sin Bloqueo;5910877;6;RONINIE;LAUTARO;LEDEZMA;ISUIZA;INGRESO;2010-01;2010-02
HW2;Magia;2013-01;481295;N;Sin Bloqueo;19965543;5;MARIA;SHANNEN;LEVIO;IRRIBARRA;INGRESO;2013-01;2013-02
HW2;Magia;2014-01;526421;N;Sin Bloqueo;13606215;2;BORIS;ORIANA;CUELLAR;GUIXE;INGRESO;2014-01;2014-02
HP1;Magia;1992-01;578414;S;BLOQUEO POR NO INSCRIPCION;9117330;8;ARCHIVALDO;OBRIEL;BOSTELMANN;ACUNIS;INGRESO;1992-01;1996-02
HW2;Magia;2005-01;650033;S;BLOQUEO POR NO INSCRIPCION;18328010;0;MARIELA;VINCENT;CIUDAD;PEÑA;LICENCIATURA EN CIENCIAS JURIDICAS Y SOCIALES;2016-02;2016-02
HP2;Magia;2005-01;511175;S;BLOQUEO POR NO INSCRIPCION;12794865;8;CARLITA;EDUARDO;DUBO;SELMAN;1 SEMESTRE;2005-02;2005-02
PH1;Magia;2015-01;639140;N;Sin Bloqueo;10398255;2;LINJA;DAN;LLANCA;HARRISON;3 SEMESTRE;2016-01;2016-02
PH2;Magia;2006-01;541053;S;SUSPENSION DE ESTUDIOS;9847938;9;GILMAR;RONEY;BASAY;BUZADA;INGRESO;2006-01;
PH2;Magia;2006-01;378061;S;SUSPENSION DE ESTUDIOS;5024356;4;PASCALLE;MARCOS;CHACC;VALDEBENITO;INGRESO;2006-01;2006-01
HP1;Magia;1993-01;520324;S;BLOQUEO POR NO INSCRIPCION;19405673;8;BRILLITTE;OSMAR;SCHAFER;SHATS;TERCER AÑO;1996-01;1999-01
HW1;Magia;2001-01;423331;S;ALUMNO EGRESADO;25174845;7;KARECZA;EGON;THOMPSON;BALICH;QUINTO AÑO - EGRESO;2006-01;2006-01
HP1;Magia;1991-01;420531;S;BLOQUEO POR NO INSCRIPCION;23557586;9;MAGALY;ELIAN;CROS;DONCKASTER;INGRESO;1991-01;1997-01
HP1;Magia;1999-01;369174;S;BLOQUEO POR NO INSCRIPCION;7841368;2;HELENA;FIDEL;CHOMALI;RUIZ TAGLE;INGRESO;1999-01;1999-02
HW2;Magia;2008-02;622971;N;Sin Bloqueo;22390474;2;FELIX;ELIANA;MARCEL;ROSERO;1 SEMESTRE;2009-01;2009-02
HW1;Magia;2004-01;429566;S;ALUMNO CON DEUDA MOROSA;10435996;0;MIREYA;VIERA;URBINA;GUAJARDO;INGRESO;2004-01;2005-01
HP1;Magia;1994-01;386095;S;ALUMNO LICENCIADO;25864322;7;MYRTHA;MELANNIE;CAROZZI;SAFFIE;QUINTO AÑO- EGRESO;2000-01;2000-01
HP1;Magia;1993-01;599272;S;BLOQUEO POR NO INSCRIPCION;11175122;1;PABLO;TRISTAN;SARTORIUS;GIANNINI;INGRESO;1993-01;1996-02
HW1;Magia;2000-01;508387;S;BLOQUEO POR NO INSCRIPCION;12590833;8;FABRIZZIO;GLEN;SANTIBAÑEZ;AGUERO;INGRESO;2000-01;2000-02
HP1;Magia;1991-01;462556;S;BLOQUEO POR NO INSCRIPCION;19747379;K;IVICA;KAREN;LORCA;TRABUCCO;INGRESO;1991-01;1996-02
HP1;Magia;1992-01;593447;S;BLOQUEO POR NO INSCRIPCION;21690226;8;GRISEL;GEORGE;TARIFEÑO;PORTIÑO;INGRESO;1992-01;1996-02
HP1;Magia;1994-01;371045;S;BLOQUEO POR NO INSCRIPCION;13429989;K;MAXWELL;SHAJAR;CATENA;ASSEF;INGRESO;1994-01;1996-01
HP1;Magia;1993-01;420343;S;BLOQUEO POR NO INSCRIPCION;19934299;9;CRISTI;AYLEEN;MARCEL;ZAROR;INGRESO;1993-01;1998-02
HP1;Magia;1995-01;584967;S;ALUMNO EGRESADO;18062126;K;YOCELYN;PRISCILA;ITER;HUMAÑA;INGRESO;1995-01;1999-02
HP1;Magia;1996-01;522855;S;ALUMNO EGRESADO;19515783;9;DENNISE;DIVA;LANTADILLA;SAGUA;INGRESO;1996-01;2002-01
HP1;Magia;1991-01;536574;S;BLOQUEO POR NO INSCRIPCION;13695060;4;THABATTA;SOLANO;VODANOVIC;NARVAEZ;INGRESO;1991-01;1997-01
HP1;Magia;1996-01;510703;S;ALUMNO CON DEUDA MOROSA;19195116;5;JUANITA;ISIDORA;ALVEAL;GROLLMUS;QUINTO AÑO- EGRESO;1999-02;1999-02
HW2;Magia;2006-01;442342;S;ELIMINADO POR INCUMPLIMIENTO DE NORMATIVA - NO SE APROBO EL MINIMO DE ASIGNATURAS O CREDITOS DEFINIDO;16376349;5;IGOR;SOLED;DALANNAIS;FONTECILLA;INGRESO;2006-01;2006-01
HP1;Magia;1989-01;606866;N;Sin Bloqueo;21409544;9;YASMINE;ARIKI;BLAMEY;CARRIMÁN;INGRESO;1989-01;1993-01
HW2;Magia;2005-01;534108;S;ALUMNO EGRESADO;17923320;6;YESICA;TAHIS;WARNER;BALHARRY;10 SEMESTRE - EGRESO;2009-02;2009-02
HW2;Magia;2015-01;638600;S;ALUMNO EGRESADO;9823778;5;ALIN;SUELI;SALFATE;HUMERES;10 SEMESTRE - EGRESO;2021-02;2021-02
HW1;Magia;2002-01;626324;S;BLOQUEO POR NO INSCRIPCION;23186913;3;ELIZABETH;ALE.;SOTELO;ORÓSTICA;INGRESO;2002-01;2003-01
HW1;Magia;2002-01;445380;S;ALUMNO EGRESADO;23345234;2;ABIGAIL;YISEL;CHÁVEZ;VALLE;QUINTO AÑO - EGRESO;2008-01;2008-01
HP1;Magia;1991-01;628686;S;ALUMNO EGRESADO;18771057;5;YASNA;ANAÍS;CASAS CORDERO;TARRAGO;INGRESO;1991-01;1997-02
PH2;Magia;2013-01;585259;N;Sin Bloqueo;20747566;7;VANESSA;ANGELLI;MAGERKUTE;OLIVERO;LICENCIATURA EN CIENCIAS JURIDICAS Y SOCIALES;2023-01;2023-01
HW1;Magia;2001-01;572365;S;BLOQUEO POR NO INSCRIPCION;12922603;4;BORIS;AMARO;LAFLOR;LAM;INGRESO;2001-01;2002-01
GH1;Magia;2003-01;435045;S;BLOQUEO POR NO INSCRIPCION;17339352;6;CHRISTOFER;LINA;GALLEGO;ARQUEROS;PRIMER AÑO;2003-02;2004-01
HW2;Magia;2007-01;583569;N;Sin Bloqueo;13433428;3;YAMNA;CATARÍ;BRILLAY;ESPARZA;LICENCIATURA EN CIENCIAS JURIDICAS Y SOCIALES;2019-02;2019-02
PH2;Magia;2010-01;597204;S;ALUMNO LICENCIADO;5050836;6;BÁRBARA;NICOLL;VERNAL;VACCARELLA;LICENCIATURA EN CIENCIAS JURIDICAS Y SOCIALES;2016-01;2016-01
HW1;Magia;2001-01;605356;N;Sin Bloqueo;15453941;2;CASANDRA;KARYN;CICKOVIC;HASENLECHNER;INGRESO;2001-01;2006-01
HP1;Magia;1994-01;469053;S;BLOQUEO POR NO INSCRIPCION;15027680;4;ENRIQUEZ;PIERO;COLIHUINCA;JAULLAC;INGRESO;1994-01;1997-01