Código Plan;Plan;Cohorte;Sede;RUN;DV;Nombres;Apellido Paterno;Apellido Materno;Número de alumno;Periodo Asignatura;Código Asignatura;Asignatura;Convocatoria;Calificación;Nota
WH2;Hechicería PLAN 2016  (SEDE Hogwards);2013-01;Hogwarts;20770750;0;IDANA;AGUERO;ALISTE;544417;2019-01;WH236032; CONCURSO DE ESCUELAS;DIC;MM;1
WH2;Hechicería PLAN 2016  (SEDE Hogwards);2013-01;Hogwarts;20770750;0;IDANA;AGUERO;ALISTE;544417;2020-02;WH236032; CONCURSO DE ESCUELAS;DIC;SU;4
WH2;Hechicería PLAN 2016  (SEDE Hogwards);2014-01;Hogwarts;24560109;1;NOHEMI;CALBACHO;AMBUL;568432;2020-02;WH236032; CONCURSO DE ESCUELAS;DIC;SU;4,1
WH2;Hechicería PLAN 2016  (SEDE Hogwards);2014-01;Hogwarts;5752371;K;FEZZAN;SUNKO;ALMARCEGUI;438463;2022-02;WH236032; CONCURSO DE ESCUELAS;DIC;B;5,6
WH2;Hechicería PLAN 2016  (SEDE Hogwards);2014-01;Hogwarts;12989682;4;VALERI;BOU;ZAMBRANO;466434;2020-02;WH236032; CONCURSO DE ESCUELAS;DIC;SU;4,1
WH2;Hechicería PLAN 2016  (SEDE Hogwards);2016-01;Hogwarts;22600533;3;RUBY;AGUAYO;OLIVOS;653022;2019-02;WH236032; CONCURSO DE ESCUELAS;DIC;SU;4,5
WH2;Hechicería PLAN 2016  (SEDE Hogwards);2016-01;Hogwarts;21727561;7;PABLO;ANDREWS;MATTE;485030;2019-02;WH236032; CONCURSO DE ESCUELAS;DIC;MB;6,3
WH2;Hechicería PLAN 2016  (SEDE Hogwards);2016-01;Hogwarts;20848048;4;SANTI;PIÉROLA;COLMENARES;575021;2019-02;WH236032; CONCURSO DE ESCUELAS;DIC;B;5,1
WH2;Hechicería PLAN 2016  (SEDE Hogwards);2016-01;Hogwarts;24686362;0;VALENTIN;CALIXTO;BARKOS;373031;2019-02;WH236032; CONCURSO DE ESCUELAS;DIC;MB;6
WH2;Hechicería PLAN 2016  (SEDE Hogwards);2016-01;Hogwarts;16782644;1;CARMEN;BAQUEDANO;ARRIAZA;601028;2021-02;WH236032; CONCURSO DE ESCUELAS;DIC;MB;6,3
WH2;Hechicería PLAN 2016  (SEDE Hogwards);2016-01;Hogwarts;6058843;2;GEORGIN;ROLDÁN;VICENCIO;494015;2019-02;WH236032; CONCURSO DE ESCUELAS;DIC;B;5,6
WH2;Hechicería PLAN 2016  (SEDE Hogwards);2016-01;Hogwarts;24516541;9;GIEZI;BISKUPOVIC;NIEVAS;465027;2019-02;WH236032; CONCURSO DE ESCUELAS;DIC;SO;6,8
WH2;Hechicería PLAN 2016  (SEDE Hogwards);2016-01;Hogwarts;24648905;3;GLADY;CRAIG;VALDÉS;516034;2019-02;WH236032; CONCURSO DE ESCUELAS;DIC;B;5,2
WH2;Hechicería PLAN 2016  (SEDE Hogwards);2016-01;Hogwarts;16929709;9;PASCAL;MOLLA;FORNO;431041;2019-02;WH236032; CONCURSO DE ESCUELAS;DIC;B;5,1
WH2;Hechicería PLAN 2016  (SEDE Hogwards);2016-01;Hogwarts;21795177;K;JADIYE;DE LAIRE;ESPÍNOLA;585003;2019-02;WH236032; CONCURSO DE ESCUELAS;DIC;MB;6,2
WH2;Hechicería PLAN 2016  (SEDE Hogwards);2016-01;Hogwarts;9918083;K;TRINIDAD;SAN MARTÍN;MANQUIÁN;499024;2019-02;WH236032; CONCURSO DE ESCUELAS;DIC;MB;6,4
WH2;Hechicería PLAN 2016  (SEDE Hogwards);2016-01;Hogwarts;15782553;3;ISADORA;ESCANILLA;AGUAYO;585023;2019-02;WH236032; CONCURSO DE ESCUELAS;DIC;B;5,8
WH2;Hechicería PLAN 2016  (SEDE Hogwards);2016-01;Hogwarts;15673313;3;NORMANDINY;BUGUEÑO;DE LA BARRA;529016;2019-02;WH236032; CONCURSO DE ESCUELAS;DIC;B;5,3
WH2;Hechicería PLAN 2016  (SEDE Hogwards);2016-01;Hogwarts;16573760;0;AISELLE;SALINAS;MACKENZIE;595018;2019-02;WH236032; CONCURSO DE ESCUELAS;DIC;B;5,3
WH2;Hechicería PLAN 2016  (SEDE Hogwards);2016-01;Hogwarts;4184713;0;GESSELLE;SALCEDO;MARIMAN;398010;2019-02;WH236032; CONCURSO DE ESCUELAS;DIC;MB;6,3
WH2;Hechicería PLAN 2016  (SEDE Hogwards);2016-01;Hogwarts;15168586;6;SIXTO;PIOMBO;HUENCHUÑIR;536004;2019-02;WH236032; CONCURSO DE ESCUELAS;DIC;MB;6,3
WH2;Hechicería PLAN 2016  (SEDE Hogwards);2016-01;Hogwarts;7935096;4;TOMAS;ANDRIANOFF;NIVIN;579014;2019-02;WH236032; CONCURSO DE ESCUELAS;DIC;B;5,9
WH2;Hechicería PLAN 2016  (SEDE Hogwards);2016-01;Hogwarts;21468337;5;YOSELIN;HEREDIA;BRILLAY;392007;2020-02;WH236032; CONCURSO DE ESCUELAS;DIC;B;5
WH2;Hechicería PLAN 2016  (SEDE Hogwards);2016-01;Hogwarts;10302137;4;EMILLE;FOIX;URRA;402009;2019-02;WH236032; CONCURSO DE ESCUELAS;DIC;MB;6,3
WH2;Hechicería PLAN 2016  (SEDE Hogwards);2016-01;Hogwarts;20210343;8;RAIZA;VON BISCHOFFSHAUSEN;CAIMANQUE;539002;2019-02;WH236032; CONCURSO DE ESCUELAS;DIC;MB;6,3
WH2;Hechicería PLAN 2016  (SEDE Hogwards);2016-01;Hogwarts;10208055;3;ETIENNE;VELASCO;ZUÑIGA;394033;2019-02;WH236032; CONCURSO DE ESCUELAS;DIC;B;5,9
WH2;Hechicería PLAN 2016  (SEDE Hogwards);2016-01;Hogwarts;8068366;9;GEMITA;HARDY;SANCHO;497001;2019-02;WH236032; CONCURSO DE ESCUELAS;DIC;B;5,8
WH2;Hechicería PLAN 2016  (SEDE Hogwards);2016-01;Hogwarts;22048923;5;IDA;NOULIBOS;ALMENDARES;401032;2020-02;WH236032; CONCURSO DE ESCUELAS;DIC;MB;6
WH2;Hechicería PLAN 2016  (SEDE Hogwards);2016-01;Hogwarts;5583600;8;JULIANO;COLLADO;BORDONES;577026;2019-02;WH236032; CONCURSO DE ESCUELAS;DIC;B;5,6
WH2;Hechicería PLAN 2016  (SEDE Hogwards);2016-01;Hogwarts;24213903;6;CATERINE;RICHTER;GORDILLO;365006;2019-02;WH236032; CONCURSO DE ESCUELAS;DIC;MB;6,1
WH2;Hechicería PLAN 2016  (SEDE Hogwards);2016-01;Hogwarts;18677096;9;FRANCIA;APOLONIO;SALAMANCA;565037;2019-02;WH236032; CONCURSO DE ESCUELAS;DIC;B;5,1
WH2;Hechicería PLAN 2016  (SEDE Hogwards);2016-01;Hogwarts;22753420;3;TAMAR;FLOR;CURA;503012;2019-02;WH236032; CONCURSO DE ESCUELAS;DIC;MB;6,3
WH2;Hechicería PLAN 2016  (SEDE Hogwards);2017-01;Hogwarts;7251639;9;ETTIEN;ANDREUCIC;BASUALDO;554080;2021-02;WH236032; CONCURSO DE ESCUELAS;DIC;B;5,1
WH2;Hechicería PLAN 2016  (SEDE Hogwards);2017-01;Hogwarts;13932142;1;JUAN;CANCINO;LUCO;612058;2021-02;WH236032; CONCURSO DE ESCUELAS;DIC;SU;4,4
WH2;Hechicería PLAN 2016  (SEDE Hogwards);2017-01;Hogwarts;17245527;8;RAMIRO;CAYUMÁN;HUITRAIÑAN;469086;2021-02;WH236032; CONCURSO DE ESCUELAS;DIC;B;5,3
WH2;Hechicería PLAN 2016  (SEDE Hogwards);2017-01;Hogwarts;16007110;8;MOREIRA;LAYERA;1;537075;2020-02;WH236032; CONCURSO DE ESCUELAS;DIC;B;5,2
WH2;Hechicería PLAN 2016  (SEDE Hogwards);2017-01;Hogwarts;19257080;5;RENÉE;MECKLENBURG;CHICAHUAL;611064;2020-02;WH236032; CONCURSO DE ESCUELAS;DIC;B;5,1
WH2;Hechicería PLAN 2016  (SEDE Hogwards);2017-01;Hogwarts;8875870;3;YUSARA;TOMASEVIC;TIEDEMANN;514081;2020-02;WH236032; CONCURSO DE ESCUELAS;DIC;B;5,5
WH2;Hechicería PLAN 2016  (SEDE Hogwards);2017-01;Hogwarts;10850016;2;SHARON;LASOTA;LAMA;392065;2020-02;WH236032; CONCURSO DE ESCUELAS;DIC;B;5,5
WH2;Hechicería PLAN 2016  (SEDE Hogwards);2017-01;Hogwarts;17978475;K;LINA;REHL;HERMAN;483094;2020-02;WH236032; CONCURSO DE ESCUELAS;DIC;B;5,1
WH2;Hechicería PLAN 2016  (SEDE Hogwards);2017-01;Hogwarts;8822793;6;LUISA;LAMAIZON;VIO;585237;2022-02;WH236032; CONCURSO DE ESCUELAS;DIC;SO;6,7
WH2;Hechicería PLAN 2016  (SEDE Hogwards);2017-01;Hogwarts;14511417;3;KARYN;AYCA;SARAVIA;431073;2020-02;WH236032; CONCURSO DE ESCUELAS;DIC;B;5,3
WH2;Hechicería PLAN 2016  (SEDE Hogwards);2017-01;Hogwarts;10945781;0;ESTEPHANIE;LOVERA;VENTURA;625235;2022-02;WH236032; CONCURSO DE ESCUELAS;DIC;MB;6,1
WH2;Hechicería PLAN 2016  (SEDE Hogwards);2017-01;Hogwarts;17285857;4;SERVANDO;KRIMAN;MACKENZIE;556061;2020-02;WH236032; CONCURSO DE ESCUELAS;DIC;B;5,1
WH2;Hechicería PLAN 2016  (SEDE Hogwards);2017-01;Hogwarts;12519901;5;MABEL;TAUCARE;PRIETO;483076;2020-02;WH236032; CONCURSO DE ESCUELAS;DIC;B;5,5
WH2;Hechicería PLAN 2016  (SEDE Hogwards);2017-01;Hogwarts;23642009;K;AQUILES;FAUNDES;CARRENO;391089;2020-02;WH236032; CONCURSO DE ESCUELAS;DIC;B;5,1
WH2;Hechicería PLAN 2016  (SEDE Hogwards);2017-01;Hogwarts;20788491;6;CRISTI;RIDERELLI;CUELLO;373066;2020-02;WH236032; CONCURSO DE ESCUELAS;DIC;B;5,2
WH2;Hechicería PLAN 2016  (SEDE Hogwards);2017-01;Hogwarts;5202395;0;MAURICIO;MORRIN;JOCIC;599079;2020-02;WH236032; CONCURSO DE ESCUELAS;DIC;B;5,4
WH2;Hechicería PLAN 2016  (SEDE Hogwards);2017-01;Hogwarts;11364890;7;ASSAD;LARA;GALINDO;601082;2020-02;WH236032; CONCURSO DE ESCUELAS;DIC;B;5,5
WH2;Hechicería PLAN 2016  (SEDE Hogwards);2017-01;Hogwarts;10261633;7;JORDI;FARÍAS;FALCON;487057;2020-02;WH236032; CONCURSO DE ESCUELAS;DIC;B;5,2
WH2;Hechicería PLAN 2016  (SEDE Hogwards);2017-01;Hogwarts;21402189;6;ZILU;CELIS;SCHICK;542088;2020-02;WH236032; CONCURSO DE ESCUELAS;DIC;B;5,4
WH2;Hechicería PLAN 2016  (SEDE Hogwards);2017-01;Hogwarts;12703353;4;MURIEL;SALGADO;DE LAIRE;376102;2020-02;WH236032; CONCURSO DE ESCUELAS;DIC;B;5,2
WH2;Hechicería PLAN 2016  (SEDE Hogwards);2017-01;Hogwarts;12384403;8;XAVIERA;OVIEDO;LACOSTE;411051;2020-02;WH236032; CONCURSO DE ESCUELAS;DIC;B;5,1
WH2;Hechicería PLAN 2016  (SEDE Hogwards);2017-01;Hogwarts;7868148;8;BEATRI;PORRAS;CAMAGGI;551069;2020-02;WH236032; CONCURSO DE ESCUELAS;DIC;B;5,2
WH2;Hechicería PLAN 2016  (SEDE Hogwards);2017-01;Hogwarts;20081821;3;MARCO;BLANC;BARTHOLIN;390092;2020-02;WH236032; CONCURSO DE ESCUELAS;DIC;B;5,3
WH2;Hechicería PLAN 2016  (SEDE Hogwards);2017-01;Hogwarts;18433204;1;GERARD;GRAUS;MEJIAS;373077;2020-02;WH236032; CONCURSO DE ESCUELAS;DIC;B;5,5
WH2;Hechicería PLAN 2016  (SEDE Hogwards);2017-01;Hogwarts;20716465;K;CANDY;ORELLANA;ERRÁZURIZ;438059;2020-02;WH236032; CONCURSO DE ESCUELAS;DIC;B;5,3
WH2;Hechicería PLAN 2016  (SEDE Hogwards);2017-01;Hogwarts;4460439;8;LEONARD;ALLENDE;ZAROR;390095;2019-02;WH236032; CONCURSO DE ESCUELAS;DIC;MB;6
WH2;Hechicería PLAN 2016  (SEDE Hogwards);2017-01;Hogwarts;21381339;5;TALIA;RUIZ;GOIO;648074;2020-02;WH236032; CONCURSO DE ESCUELAS;DIC;B;5,1
WH2;Hechicería PLAN 2016  (SEDE Hogwards);2017-01;Hogwarts;10321947;2;GENESY;OYANEDER;SEREY;629084;2020-02;WH236032; CONCURSO DE ESCUELAS;DIC;B;5,3
WH2;Hechicería PLAN 2016  (SEDE Hogwards);2017-01;Hogwarts;7442084;9;LYA;FLEN;SERQUEIRA;598055;2020-02;WH236032; CONCURSO DE ESCUELAS;DIC;B;5,1
WH2;Hechicería PLAN 2016  (SEDE Hogwards);2017-01;Hogwarts;15082786;9;ANAIS;FALCON;DEVAUD;406063;2020-02;WH236032; CONCURSO DE ESCUELAS;DIC;B;5,3
WH2;Hechicería PLAN 2016  (SEDE Hogwards);2017-01;Hogwarts;18444546;5;BRILLITTE;VILLAMAN;CHAVEZ;388090;2022-02;WH236032; CONCURSO DE ESCUELAS;DIC;SO;6,6
WH2;Hechicería PLAN 2016  (SEDE Hogwards);2017-01;Hogwarts;6500503;9;IXIA;MAGNERE;OXMAN;557048;2020-02;WH236032; CONCURSO DE ESCUELAS;DIC;B;5,5
WH2;Hechicería PLAN 2016  (SEDE Hogwards);2017-01;Hogwarts;5568838;5;YASNNA;OLLARZU;COLOMBO;584053;2020-02;WH236032; CONCURSO DE ESCUELAS;DIC;B;5
WH2;Hechicería PLAN 2016  (SEDE Hogwards);2017-01;Hogwarts;10064816;2;BRIGITTE;NERCELLAS;HARBOE;427091;2020-02;WH236032; CONCURSO DE ESCUELAS;DIC;B;5,5
WH2;Hechicería PLAN 2016  (SEDE Hogwards);2017-01;Hogwarts;13440694;4;VERONI;CALLEJAS;PALOMINO;406070;2020-02;WH236032; CONCURSO DE ESCUELAS;DIC;B;5,3
WH2;Hechicería PLAN 2016  (SEDE Hogwards);2017-01;Hogwarts;13307117;7;ANAKAREN;MONTENEGRO;COYOPAE;472078;2020-02;WH236032; CONCURSO DE ESCUELAS;DIC;B;5,5
WH2;Hechicería PLAN 2016  (SEDE Hogwards);2017-01;Hogwarts;18891468;K;DAYANE;ESCANILLA;PITRÓN;596056;2020-02;WH236032; CONCURSO DE ESCUELAS;DIC;B;5,1
WH2;Hechicería PLAN 2016  (SEDE Hogwards);2017-01;Hogwarts;6102773;0;LUCÍA;GRANADA;AULESTIA;576093;2020-02;WH236032; CONCURSO DE ESCUELAS;DIC;B;5,3
WH2;Hechicería PLAN 2016  (SEDE Hogwards);2018-01;Hogwarts;10838839;3;DENISE;CANIHUANTE;GASPAR;597178;2022-02;WH236032; CONCURSO DE ESCUELAS;DIC;MB;6,2
WH2;Hechicería PLAN 2016  (SEDE Hogwards);2018-01;Hogwarts;20739932;4;KATERIN;ALCA;VILIA;404144;2021-02;WH236032; CONCURSO DE ESCUELAS;DIC;B;5,1
WH2;Hechicería PLAN 2016  (SEDE Hogwards);2018-01;Hogwarts;13477607;K;ALAIN;CANEO;MONREAL;511173;2021-02;WH236032; CONCURSO DE ESCUELAS;DIC;B;5,3
WH2;Hechicería PLAN 2016  (SEDE Hogwards);2018-01;Hogwarts;8805706;0;NAZARETH;CALBACHO;ESCOBEDO;379133;2021-02;WH236032; CONCURSO DE ESCUELAS;DIC;B;5,9
WH2;Hechicería PLAN 2016  (SEDE Hogwards);2018-01;Hogwarts;22494017;4;KAROLAY;SOLORZA;PADILLA;407179;2022-02;WH236032; CONCURSO DE ESCUELAS;DIC;SO;6,6
WH2;Hechicería PLAN 2016  (SEDE Hogwards);2018-01;Hogwarts;12960266;K;DARLHYN;PITRÓN;MAURE;469113;2021-02;WH236032; CONCURSO DE ESCUELAS;DIC;B;5,6
WH2;Hechicería PLAN 2016  (SEDE Hogwards);2018-01;Hogwarts;18608524;2;OTONIEL;HEYER;CORTES;377134;2021-02;WH236032; CONCURSO DE ESCUELAS;DIC;MB;6
WH2;Hechicería PLAN 2016  (SEDE Hogwards);2018-01;Hogwarts;23595575;K;GERMÁN;LINEROS;VALDIVIA;515124;2021-02;WH236032; CONCURSO DE ESCUELAS;DIC;B;5,1
WH2;Hechicería PLAN 2016  (SEDE Hogwards);2018-01;Hogwarts;6527170;9;CRISTIÁN;MONTAÑO;TARRAGÓ;428131;2022-02;WH236032; CONCURSO DE ESCUELAS;DIC;MB;6,1
WH2;Hechicería PLAN 2016  (SEDE Hogwards);2018-01;Hogwarts;18055120;0;AILEEN;ARRATIA;CEA;442112;2021-02;WH236032; CONCURSO DE ESCUELAS;DIC;B;5,5
WH2;Hechicería PLAN 2016  (SEDE Hogwards);2018-01;Hogwarts;18340509;5;MARIATE;PANIAGUA;TUKI;517154;2021-02;WH236032; CONCURSO DE ESCUELAS;DIC;SU;4,7
WH2;Hechicería PLAN 2016  (SEDE Hogwards);2018-01;Hogwarts;6113838;9;MARTTINA;ALVAYAI;PETRILLO;541117;2021-02;WH236032; CONCURSO DE ESCUELAS;DIC;B;5,8
WH2;Hechicería PLAN 2016  (SEDE Hogwards);2018-01;Hogwarts;9090759;7;ANAHI;PAPAGALLO;KORMYLO;377162;2022-02;WH236032; CONCURSO DE ESCUELAS;DIC;SO;6,6
WH2;Hechicería PLAN 2016  (SEDE Hogwards);2018-01;Hogwarts;25171032;7;GALIA;ABURTO;ROSALES;513160;2021-02;WH236032; CONCURSO DE ESCUELAS;DIC;SU;4,5
WH2;Hechicería PLAN 2016  (SEDE Hogwards);2018-01;Hogwarts;18648731;2;JAVI;ROVANO;MARIHÚAN;648110;2021-02;WH236032; CONCURSO DE ESCUELAS;DIC;B;5,6
WH2;Hechicería PLAN 2016  (SEDE Hogwards);2018-01;Hogwarts;5952519;1;LESLIA;CRUCES;CUTURRUFO;592152;2021-02;WH236032; CONCURSO DE ESCUELAS;DIC;B;5,1
WH2;Hechicería PLAN 2016  (SEDE Hogwards);2018-01;Hogwarts;8757961;1;EDWIN;RUIZ TAGLE;PÁEZ;574153;2021-02;WH236032; CONCURSO DE ESCUELAS;DIC;B;5,3
WH2;Hechicería PLAN 2016  (SEDE Hogwards);2018-01;Hogwarts;20735476;5;KRYSTAL;ACUÑA;BAIGORRI;371157;2021-02;WH236032; CONCURSO DE ESCUELAS;DIC;MB;6,3
WH2;Hechicería PLAN 2016  (SEDE Hogwards);2018-01;Hogwarts;18629119;1;JURGEN;KLIMPEL;NOLL;390126;2021-02;WH236032; CONCURSO DE ESCUELAS;DIC;B;5,7
WH2;Hechicería PLAN 2016  (SEDE Hogwards);2018-01;Hogwarts;4355937;0;HEIDI;LAINES;PAGANI;548129;2021-02;WH236032; CONCURSO DE ESCUELAS;DIC;B;5,7
WH2;Hechicería PLAN 2016  (SEDE Hogwards);2018-01;Hogwarts;25569345;K;POLETT;COSTAGLIOLA;GUZMAN;523121;2021-02;WH236032; CONCURSO DE ESCUELAS;DIC;B;5,9
WH2;Hechicería PLAN 2016  (SEDE Hogwards);2018-01;Hogwarts;22934373;9;IVO;TONACA;HOPP;369123;2021-02;WH236032; CONCURSO DE ESCUELAS;DIC;B;5,6
WH2;Hechicería PLAN 2016  (SEDE Hogwards);2018-01;Hogwarts;19652721;6;POLETTE;ALDEA;XU;464114;2021-02;WH236032; CONCURSO DE ESCUELAS;DIC;B;5,3
WH2;Hechicería PLAN 2016  (SEDE Hogwards);2018-01;Hogwarts;16555774;3;FLAVIA;GUTIÉRREZ;YEVENES;580127;2021-02;WH236032; CONCURSO DE ESCUELAS;DIC;B;5,1
WH2;Hechicería PLAN 2016  (SEDE Hogwards);2018-01;Hogwarts;11963504;9;TERRY;TOME;BECKER;507132;2021-02;WH236032; CONCURSO DE ESCUELAS;DIC;MB;6,3
WH2;Hechicería PLAN 2016  (SEDE Hogwards);2018-01;Hogwarts;19698445;3;GELACIO;LLANCA;LAGUERRE;440139;2021-02;WH236032; CONCURSO DE ESCUELAS;DIC;B;5,1
WH2;Hechicería PLAN 2016  (SEDE Hogwards);2018-01;Hogwarts;7613234;2;MACKARENNA;CHIU;VALDEBENITO;456146;2021-02;WH236032; CONCURSO DE ESCUELAS;DIC;B;5,1
WH2;Hechicería PLAN 2016  (SEDE Hogwards);2018-01;Hogwarts;4911818;9;VERON;XESS;LUSTIG;455150;2021-02;WH236032; CONCURSO DE ESCUELAS;DIC;SU;4,7
WH2;Hechicería PLAN 2016  (SEDE Hogwards);2018-01;Hogwarts;4388353;0;SUELI;SALDAÑO;YÉVENES;555137;2021-02;WH236032; CONCURSO DE ESCUELAS;DIC;MB;6,3
WH2;Hechicería PLAN 2016  (SEDE Hogwards);2018-01;Hogwarts;23175928;5;GREGORIO;ATANASSOV;FRANZANI;591145;2021-02;WH236032; CONCURSO DE ESCUELAS;DIC;SU;4,7
WH2;Hechicería PLAN 2016  (SEDE Hogwards);2018-01;Hogwarts;13892311;2;ROBER;FUMEY;ESPERGUEL;447151;2022-02;WH236032; CONCURSO DE ESCUELAS;DIC;B;5,2
WH2;Hechicería PLAN 2016  (SEDE Hogwards);2018-01;Hogwarts;13892311;2;ROBER;FUMEY;ESPERGUEL;447151;2021-02;WH236032; CONCURSO DE ESCUELAS;DIC;I;3,5
WH2;Hechicería PLAN 2016  (SEDE Hogwards);2018-01;Hogwarts;15676228;7;SANTIAGO;PRADA;ANDUEZA;615118;2021-02;WH236032; CONCURSO DE ESCUELAS;DIC;MB;6,2
WH2;Hechicería PLAN 2016  (SEDE Hogwards);2018-01;Hogwarts;8824892;6;IVANNI;TORREJÓN;BARRIA;378155;2021-02;WH236032; CONCURSO DE ESCUELAS;DIC;B;5,1
WH2;Hechicería PLAN 2016  (SEDE Hogwards);2018-01;Hogwarts;20382009;4;MARIANA;LETONJA;JELVEZ;590120;2021-02;WH236032; CONCURSO DE ESCUELAS;DIC;B;5,1
WH2;Hechicería PLAN 2016  (SEDE Hogwards);2018-01;Hogwarts;5121980;4;MICHAEL;TABILO;REBOLLEDO;528135;2022-02;WH236032; CONCURSO DE ESCUELAS;DIC;SO;6,6
WH2;Hechicería PLAN 2016  (SEDE Hogwards);2018-01;Hogwarts;24591755;7;GUIANFRANCC;FRITZ;DANERI;476143;2022-02;WH236032; CONCURSO DE ESCUELAS;DIC;MB;6
WH2;Hechicería PLAN 2016  (SEDE Hogwards);2018-01;Hogwarts;25219709;4;MARINA;NEGRÓN;MALSCHAFSKY;468149;2021-02;WH236032; CONCURSO DE ESCUELAS;DIC;B;5,6
WH2;Hechicería PLAN 2016  (SEDE Hogwards);2018-01;Hogwarts;7147650;9;GENARO;JARA;CURELLANCA;399122;2021-02;WH236032; CONCURSO DE ESCUELAS;DIC;MB;6
WH2;Hechicería PLAN 2016  (SEDE Hogwards);2018-01;Hogwarts;4235281;7;MILTON;KENDALL;PRADENAS;605130;2021-02;WH236032; CONCURSO DE ESCUELAS;DIC;SO;6,5
WH2;Hechicería PLAN 2016  (SEDE Hogwards);2018-01;Hogwarts;4493089;3;JOSELUIS;MOSCOSO;KRAEMER;598128;2021-02;WH236032; CONCURSO DE ESCUELAS;DIC;B;5,2
WH2;Hechicería PLAN 2016  (SEDE Hogwards);2018-01;Hogwarts;6620352;1;LIORT;BARRUETOS;CONEJEROS;451169;2023-02;WH236032; CONCURSO DE ESCUELAS;DIC;MB;6,4
WH2;Hechicería PLAN 2016  (SEDE Hogwards);2018-01;Hogwarts;24740227;4;ASTRID;ITURRA;LLANCA;378164;2021-02;WH236032; CONCURSO DE ESCUELAS;DIC;MB;6
WH2;Hechicería PLAN 2016  (SEDE Hogwards);2018-01;Hogwarts;19105434;4;DEDIOS;CABAÑAS;ANUCH;653125;2021-02;WH236032; CONCURSO DE ESCUELAS;DIC;B;5,8
WH2;Hechicería PLAN 2016  (SEDE Hogwards);2018-01;Hogwarts;9540287;3;CELENE;BASTÍAS;LALLEMAND;369119;2021-02;WH236032; CONCURSO DE ESCUELAS;DIC;B;5,3
WH3;Hechicería Castelobruxo;2019-01;Beauxbaton;16681913;K;BEGOÑA;MUNDACA;CORONADO;452020;2022-02;WH236032; CONCURSO DE ESCUELAS;DIC;SO;7
WH3;Hechicería Castelobruxo;2019-01;Beauxbaton;16288273;2;LORENA;PÁEZ;FARFÁN;553017;2022-02;WH236032; CONCURSO DE ESCUELAS;DIC;SO;6,9
WH3;Hechicería Castelobruxo;2019-01;Beauxbaton;15840976;K;VALERI;HUALA;MESSINA;456018;2023-02;WH236032; CONCURSO DE ESCUELAS;DIC;SO;6,6
WH3;Hechicería Castelobruxo;2019-01;Beauxbaton;20431094;1;GIGI;OBRADOR;URBINA;395005;2022-02;WH236032; CONCURSO DE ESCUELAS;DIC;SO;6,6
WH3;Hechicería Castelobruxo;2019-01;Beauxbaton;14729734;9;CRHISTOPHER;TUTELEERS;GAVILAN;590007;2022-02;WH236032; CONCURSO DE ESCUELAS;DIC;SO;6,9
WH3;Hechicería Castelobruxo;2019-01;Beauxbaton;15279115;1;ALFONSINA;ELIAS;CASTELLANOS;637010;2022-02;WH236032; CONCURSO DE ESCUELAS;DIC;MB;6,3
WH3;Hechicería Castelobruxo;2019-01;Beauxbaton;18812342;8;ZITNI;JOPIA;YÉVENES;404019;2022-02;WH236032; CONCURSO DE ESCUELAS;DIC;SO;6,6
WH3;Hechicería Castelobruxo;2019-01;Beauxbaton;17857046;6;CRHISTOPHER;CARRIZO;MAYER;412001;2022-02;WH236032; CONCURSO DE ESCUELAS;DIC;SO;6,7
WH3;Hechicería Castelobruxo;2019-01;Beauxbaton;5537986;4;ENRIQUEZ;MAURER;AGUILERA;632022;2022-02;WH236032; CONCURSO DE ESCUELAS;DIC;SO;6,8
WH3;Hechicería Castelobruxo;2019-01;Beauxbaton;16818766;1;KEVIN;VERDEJO;NARDON;512004;2022-02;WH236032; CONCURSO DE ESCUELAS;DIC;SO;7
WH3;Hechicería Castelobruxo;2019-01;Beauxbaton;11930006;4;ANYHELA;BUSTILLOS;REGO;489015;2023-02;WH236032; CONCURSO DE ESCUELAS;DIC;B;5,6
WH3;Hechicería Castelobruxo;2019-01;Beauxbaton;22188367;6;FRANCES;LUVECCE;QUINTANA;428028;2023-02;WH236032; CONCURSO DE ESCUELAS;DIC;B;5,6
WH3;Hechicería Castelobruxo;2019-01;Beauxbaton;6951184;8;FARIDDE;MELERO;CALLE;547002;2022-02;WH236032; CONCURSO DE ESCUELAS;DIC;SO;7
WH3;Hechicería Castelobruxo;2019-01;Beauxbaton;15203614;1;SIGISFREDO;LEMUS;MOLLER;471009;2022-02;WH236032; CONCURSO DE ESCUELAS;DIC;MB;6,2
WH3;Hechicería Castelobruxo;2019-01;Beauxbaton;25668842;6;JOSEFINA;REPETTO;DIEZ;506008;2022-02;WH236032; CONCURSO DE ESCUELAS;DIC;SO;7
WH3;Hechicería Castelobruxo;2019-01;Beauxbaton;13584035;3;RODRIG;MOLLER;RICO;523011;2022-02;WH236032; CONCURSO DE ESCUELAS;DIC;SO;7
WH3;Hechicería Castelobruxo;2019-01;Beauxbaton;12989739;7;CHAIM;DI LORENZO;BERLY;576021;2022-02;WH236032; CONCURSO DE ESCUELAS;DIC;SO;6,7
WH2;Hechicería PLAN 2016  (SEDE Hogwards);2019-01;Hogwarts;10753903;5;IVES;BONHOMME;BARRERA;529216;2022-02;WH236032; CONCURSO DE ESCUELAS;DIC;MB;6,4
WH2;Hechicería PLAN 2016  (SEDE Hogwards);2019-01;Hogwarts;9468818;K;JOSEA.;CABROLIER;DTI;413187;2024-02;WH236032; CONCURSO DE ESCUELAS;DIC;;
WH2;Hechicería PLAN 2016  (SEDE Hogwards);2019-01;Hogwarts;9468818;K;JOSEA.;CABROLIER;DTI;413187;2023-02;WH236032; CONCURSO DE ESCUELAS;DIC;MM;1
WH2;Hechicería PLAN 2016  (SEDE Hogwards);2019-01;Hogwarts;8701172;6;RICHARD;MADINA;PARRAGUEZ;558213;2022-02;WH236032; CONCURSO DE ESCUELAS;DIC;SO;6,5
WH2;Hechicería PLAN 2016  (SEDE Hogwards);2019-01;Hogwarts;12500533;8;VISCONDE;MOLGAS;RUIZ -ABURTO;437189;2023-02;WH236032; CONCURSO DE ESCUELAS;DIC;MB;6,3
WH2;Hechicería PLAN 2016  (SEDE Hogwards);2019-01;Hogwarts;16228291;8;SARAI;ANABALÓN;BERMUDEZ;527210;2022-02;WH236032; CONCURSO DE ESCUELAS;DIC;SO;6,7
WH2;Hechicería PLAN 2016  (SEDE Hogwards);2019-01;Hogwarts;9604888;9;SIMON;SÁEZ;BAZAN;598229;2023-02;WH236032; CONCURSO DE ESCUELAS;DIC;B;5,6
WH2;Hechicería PLAN 2016  (SEDE Hogwards);2019-01;Hogwarts;19087171;6;AMANTINA;LANGER;RUGGIERO;433201;2022-02;WH236032; CONCURSO DE ESCUELAS;DIC;MB;6,4
WH2;Hechicería PLAN 2016  (SEDE Hogwards);2019-01;Hogwarts;8919686;K;HERMIN;VILLAGRA;PAREDES;533207;2022-02;WH236032; CONCURSO DE ESCUELAS;DIC;MB;6,1
WH2;Hechicería PLAN 2016  (SEDE Hogwards);2019-01;Hogwarts;20017645;K;MARIO;FARFÁN;MISTRETTA;645203;2022-02;WH236032; CONCURSO DE ESCUELAS;DIC;SO;6,7
WH2;Hechicería PLAN 2016  (SEDE Hogwards);2019-01;Hogwarts;7574896;K;PABLORAIM;MORENO;MIRALLES;546199;2022-02;WH236032; CONCURSO DE ESCUELAS;DIC;MB;6
WH2;Hechicería PLAN 2016  (SEDE Hogwards);2019-01;Hogwarts;6460100;5;GUMER;SANTILLANA;BASCUÑÁN;495211;2023-02;WH236032; CONCURSO DE ESCUELAS;DIC;B;5,3
WH2;Hechicería PLAN 2016  (SEDE Hogwards);2019-01;Hogwarts;19434695;0;ARLEN;MURILLO;GATICA;606228;2022-02;WH236032; CONCURSO DE ESCUELAS;DIC;MB;6,4
WH2;Hechicería PLAN 2016  (SEDE Hogwards);2019-01;Hogwarts;20922052;8;AMIN;CASARINO;GLADE;453200;2022-02;WH236032; CONCURSO DE ESCUELAS;DIC;SO;6,8
WH2;Hechicería PLAN 2016  (SEDE Hogwards);2019-01;Hogwarts;22685252;K;QUELENTARO;TRIVIÑO;RADONICH;619206;2022-02;WH236032; CONCURSO DE ESCUELAS;DIC;MB;6
WH2;Hechicería PLAN 2016  (SEDE Hogwards);2019-01;Hogwarts;4952324;8;ALESSANDRO;TALAVERA;MALDONADO;543215;2022-02;WH236032; CONCURSO DE ESCUELAS;DIC;SO;6,8
WH2;Hechicería PLAN 2016  (SEDE Hogwards);2019-01;Hogwarts;9861681;4;SION;RICCI;LASTRA;592226;2022-02;WH236032; CONCURSO DE ESCUELAS;DIC;SO;6,6
WH2;Hechicería PLAN 2016  (SEDE Hogwards);2019-01;Hogwarts;13051087;2;KINKA;WIEHOFF;COOPER;472184;2022-02;WH236032; CONCURSO DE ESCUELAS;DIC;SO;6,5
WH2;Hechicería PLAN 2016  (SEDE Hogwards);2019-01;Hogwarts;7560982;1;ENRIQU;SAN JUAN;MERELLO;598197;2021-02;WH236032; CONCURSO DE ESCUELAS;DIC;M;2
WH2;Hechicería PLAN 2016  (SEDE Hogwards);2019-01;Hogwarts;7560982;1;ENRIQU;SAN JUAN;MERELLO;598197;2022-02;WH236032; CONCURSO DE ESCUELAS;DIC;SO;6,7
WH2;Hechicería PLAN 2016  (SEDE Hogwards);2019-01;Hogwarts;7467854;4;JAIM;OSORIO;ABANTO;393212;2023-02;WH236032; CONCURSO DE ESCUELAS;DIC;MB;6,1
WH2;Hechicería PLAN 2016  (SEDE Hogwards);2019-01;Hogwarts;14972070;6;KHARLA;IBÁÑEZ;RUIZ TAGLE;476195;2022-02;WH236032; CONCURSO DE ESCUELAS;DIC;MB;6,4
WH2;Hechicería PLAN 2016  (SEDE Hogwards);2019-01;Hogwarts;11674249;5;SARAY;VERDEJO;ALVARADO;425202;2022-02;WH236032; CONCURSO DE ESCUELAS;DIC;SO;6,5
WH2;Hechicería PLAN 2016  (SEDE Hogwards);2019-01;Hogwarts;16005442;2;EUSEB;ZÚÑIGA;KLEIN;534232;2019-02;WH236032; CONCURSO DE ESCUELAS;DIC;MB;6
WH2;Hechicería PLAN 2016  (SEDE Hogwards);2019-01;Hogwarts;13308157;9;MARISEL;ARMAS;COÑOEPAN;562194;2022-02;WH236032; CONCURSO DE ESCUELAS;DIC;MB;6,1
WH2;Hechicería PLAN 2016  (SEDE Hogwards);2019-01;Hogwarts;5639823;1;DAREM;CORREA;TUTELEERS;460214;2022-02;WH236032; CONCURSO DE ESCUELAS;DIC;MB;6
WH2;Hechicería PLAN 2016  (SEDE Hogwards);2019-01;Hogwarts;9037324;3;ANÍBAL;VEJAR;DAL SANTO;449198;2022-02;WH236032; CONCURSO DE ESCUELAS;DIC;MB;6,1
WH2;Hechicería PLAN 2016  (SEDE Hogwards);2019-01;Hogwarts;9102045;0;ANNE;PAGANI;TRUJILLOS;546182;2022-02;WH236032; CONCURSO DE ESCUELAS;DIC;SO;6,6
WH2;Hechicería PLAN 2016  (SEDE Hogwards);2019-01;Hogwarts;18624404;7;JESUS;BERTOLONE;BIGGS;619205;2022-02;WH236032; CONCURSO DE ESCUELAS;DIC;MB;6,1
WH2;Hechicería PLAN 2016  (SEDE Hogwards);2019-01;Hogwarts;12552323;3;JOCELINE;TALAVERA;NÚÑEZ;426224;2022-02;WH236032; CONCURSO DE ESCUELAS;DIC;MB;6,3
WH2;Hechicería PLAN 2016  (SEDE Hogwards);2019-01;Hogwarts;8861511;5;IAN;HOLLSTEIN;GIL;531218;2022-02;WH236032; CONCURSO DE ESCUELAS;DIC;SO;6,7
WH2;Hechicería PLAN 2016  (SEDE Hogwards);2019-01;Hogwarts;22481847;6;CAROLIN;PÁEZ;BASAY;648233;2019-02;WH236032; CONCURSO DE ESCUELAS;DIC;MB;6
WH2;Hechicería PLAN 2016  (SEDE Hogwards);2019-01;Hogwarts;21762696;1;PHILLIPS;FUMEY;SANZANA;404227;2020-02;WH236032; CONCURSO DE ESCUELAS;DIC;B;5,4
WH2;Hechicería PLAN 2016  (SEDE Hogwards);2019-01;Hogwarts;12692219;9;LUZMENIA;ZARATE;NAHUELÁN;427204;2022-02;WH236032; CONCURSO DE ESCUELAS;DIC;SO;6,6
WH2;Hechicería PLAN 2016  (SEDE Hogwards);2019-01;Hogwarts;6454831;1;GLAURA;OSSANDON;GHIO;522193;2022-02;WH236032; CONCURSO DE ESCUELAS;DIC;MB;6,4
WH2;Hechicería PLAN 2016  (SEDE Hogwards);2019-01;Hogwarts;20860360;K;MARTTINA;CASTELLANOS;CARVALLO;624181;2022-02;WH236032; CONCURSO DE ESCUELAS;DIC;MB;6,3
WH2;Hechicería PLAN 2016  (SEDE Hogwards);2019-01;Hogwarts;17030597;6;VIOLETA;ARTUS;LARGO;438192;2022-02;WH236032; CONCURSO DE ESCUELAS;DIC;MB;6,3
WH2;Hechicería PLAN 2016  (SEDE Hogwards);2019-01;Hogwarts;12270923;1;AIDA;MAQUIEIRA;BRIEBA;512230;2024-02;WH236032; CONCURSO DE ESCUELAS;DIC;;
WH2;Hechicería PLAN 2016  (SEDE Hogwards);2019-01;Hogwarts;21740278;7;YERLY;CASANOVA;HOPP;464183;2022-02;WH236032; CONCURSO DE ESCUELAS;DIC;SO;6,6
WH2;Hechicería PLAN 2016  (SEDE Hogwards);2019-01;Hogwarts;8353253;2;DEFATIMA;MONTERREY;MARROQUIN;519234;2022-02;WH236032; CONCURSO DE ESCUELAS;DIC;MB;6
WH2;Hechicería PLAN 2016  (SEDE Hogwards);2019-01;Hogwarts;15403837;5;LUJÁN;PIEDRABUENA;DONCKASTER;586190;2023-02;WH236032; CONCURSO DE ESCUELAS;DIC;B;5,6
WH2;Hechicería PLAN 2016  (SEDE Hogwards);2019-01;Hogwarts;6638505;2;SAUL;VERANO;CERON;488191;2022-02;WH236032; CONCURSO DE ESCUELAS;DIC;MB;6,4
WH2;Hechicería PLAN 2016  (SEDE Hogwards);2019-02;Hogwarts;6218248;2;BETSABÉ;ORDOÑEZ;HAYDE;422239;2022-02;WH236032; CONCURSO DE ESCUELAS;DIC;SO;6,7
WH3;Hechicería Castelobruxo;2020-01;Beauxbaton;8064544;0;CESÁR;HUEICA;PALTA;620040;2023-02;WH236032; CONCURSO DE ESCUELAS;DIC;SO;6,7
WH3;Hechicería Castelobruxo;2020-01;Beauxbaton;4862386;1;STELLA;MAGAÑA;GALLEGO;531049;2023-02;WH236032; CONCURSO DE ESCUELAS;DIC;SO;6,6
WH3;Hechicería Castelobruxo;2020-01;Beauxbaton;8752389;6;PIERANNA;ROMEO;ARROYUELO;468043;2023-02;WH236032; CONCURSO DE ESCUELAS;DIC;SO;6,6
WH3;Hechicería Castelobruxo;2020-01;Beauxbaton;20236992;K;JESENIA;MONTE;LEIVA;584050;2023-02;WH236032; CONCURSO DE ESCUELAS;DIC;SO;6,6
WH3;Hechicería Castelobruxo;2020-01;Beauxbaton;18796371;5;GUADALUPE;SAAVEDRA;CANTILLANO;592031;2023-02;WH236032; CONCURSO DE ESCUELAS;DIC;SO;6,6
WH3;Hechicería Castelobruxo;2020-01;Beauxbaton;18385723;8;RUBÉN;CORONA;ALCAINO;473033;2023-02;WH236032; CONCURSO DE ESCUELAS;DIC;B;5,6
WH3;Hechicería Castelobruxo;2020-01;Beauxbaton;11536700;1;ANTONIO;FICHER;GENERAL;636039;2023-02;WH236032; CONCURSO DE ESCUELAS;DIC;SO;6,6
WH3;Hechicería Castelobruxo;2020-01;Beauxbaton;15891619;0;JANET;CEJUDO;AGLIANI;546042;2023-02;WH236032; CONCURSO DE ESCUELAS;DIC;SO;6,7
WH3;Hechicería Castelobruxo;2020-01;Beauxbaton;6255699;K;ARANTXA;BARRUETOS;CARLIER;391037;2023-02;WH236032; CONCURSO DE ESCUELAS;DIC;SO;6,7
WH3;Hechicería Castelobruxo;2020-01;Beauxbaton;6181779;9;AGNETTA;LOAIZA;SANI;517032;2024-02;WH236032; CONCURSO DE ESCUELAS;DIC;;
WH2;Hechicería PLAN 2016  (SEDE Hogwards);2020-01;Hogwarts;14086936;5;PALOMA;ALMENDARES;GUTIERREZ;366267;2023-02;WH236032; CONCURSO DE ESCUELAS;DIC;MB;6,4
WH2;Hechicería PLAN 2016  (SEDE Hogwards);2020-01;Hogwarts;11419134;8;ENZO;PASTEN;ALDAY;514274;2023-02;WH236032; CONCURSO DE ESCUELAS;DIC;SO;6,5
WH2;Hechicería PLAN 2016  (SEDE Hogwards);2020-01;Hogwarts;23198631;1;IOJAINE;AVELLINO;ZÁRATE;528254;2023-02;WH236032; CONCURSO DE ESCUELAS;DIC;SO;6,5
WH2;Hechicería PLAN 2016  (SEDE Hogwards);2020-01;Hogwarts;10619346;8;URBANO;TÉLLEZ;ROCUANT;603260;2023-02;WH236032; CONCURSO DE ESCUELAS;DIC;MB;6,4
WH2;Hechicería PLAN 2016  (SEDE Hogwards);2020-01;Hogwarts;12899384;2;TALIA;PONTIGO;ÁVILA;439270;2023-02;WH236032; CONCURSO DE ESCUELAS;DIC;SO;6,5
WH2;Hechicería PLAN 2016  (SEDE Hogwards);2020-01;Hogwarts;14503013;3;SERGIO;CHOMALI;SCHWAZENBERG;366264;2023-02;WH236032; CONCURSO DE ESCUELAS;DIC;B;5,3
WH2;Hechicería PLAN 2016  (SEDE Hogwards);2020-01;Hogwarts;19129361;3;MILAN;VENTURA;HAYDE;580257;2023-02;WH236032; CONCURSO DE ESCUELAS;DIC;MB;6,4
WH2;Hechicería PLAN 2016  (SEDE Hogwards);2020-01;Hogwarts;23390683;4;BERNARDA;BRAIN;CASANOVA;433281;2024-02;WH236032; CONCURSO DE ESCUELAS;DIC;;
WH2;Hechicería PLAN 2016  (SEDE Hogwards);2020-01;Hogwarts;15430809;2;DAFNE;CARRILLO;FONTEALBA;531275;2023-02;WH236032; CONCURSO DE ESCUELAS;DIC;MB;6,2
WH2;Hechicería PLAN 2016  (SEDE Hogwards);2020-01;Hogwarts;15045641;6;DENNISSE;TURSKI;CAMPIÑO;373273;2023-02;WH236032; CONCURSO DE ESCUELAS;DIC;SO;6,6
WH2;Hechicería PLAN 2016  (SEDE Hogwards);2020-01;Hogwarts;13236636;K;TABATA;AVELLINO;INZUNZA;516266;2023-02;WH236032; CONCURSO DE ESCUELAS;DIC;MB;6,4
WH2;Hechicería PLAN 2016  (SEDE Hogwards);2020-01;Hogwarts;8087347;4;GAMALIEL;CERPA;MONTALVA;573285;2023-02;WH236032; CONCURSO DE ESCUELAS;DIC;MB;6,4
WH2;Hechicería PLAN 2016  (SEDE Hogwards);2020-01;Hogwarts;17172029;2;MALVA;CURKOVIC;CAIMANQUE;440258;2023-02;WH236032; CONCURSO DE ESCUELAS;DIC;MB;6,4
WH2;Hechicería PLAN 2016  (SEDE Hogwards);2020-01;Hogwarts;19755607;K;ADRIÁN;SEGUEL;POSADA;385247;2023-02;WH236032; CONCURSO DE ESCUELAS;DIC;MB;6,3
WH2;Hechicería PLAN 2016  (SEDE Hogwards);2020-01;Hogwarts;10177472;K;EMILLE;GRECO;UGARTE;471262;2023-02;WH236032; CONCURSO DE ESCUELAS;DIC;SO;6,9
WH2;Hechicería PLAN 2016  (SEDE Hogwards);2020-01;Hogwarts;18426067;3;EUSEBIO;AQUEVEQUE;AZOCAR;373279;2023-02;WH236032; CONCURSO DE ESCUELAS;DIC;MB;6,2
WH2;Hechicería PLAN 2016  (SEDE Hogwards);2020-01;Hogwarts;14086991;7;XENNIA;TRIVIÑO;CALVILLÁN;605259;2023-02;WH236032; CONCURSO DE ESCUELAS;DIC;MB;6,3
WH2;Hechicería PLAN 2016  (SEDE Hogwards);2020-01;Hogwarts;15314379;6;LEONELLO;DOMANGE;ABRIGO;396269;2023-02;WH236032; CONCURSO DE ESCUELAS;DIC;SO;6,5
WH2;Hechicería PLAN 2016  (SEDE Hogwards);2020-01;Hogwarts;23253786;6;SEGUNDO;FERNANDES;VELASQUEZ;466280;2023-02;WH236032; CONCURSO DE ESCUELAS;DIC;SO;6,6
WH2;Hechicería PLAN 2016  (SEDE Hogwards);2020-01;Hogwarts;4118444;K;ANTONELLA;TALAVERA;ARCAY;461255;2023-02;WH236032; CONCURSO DE ESCUELAS;DIC;SO;6,5
WH2;Hechicería PLAN 2016  (SEDE Hogwards);2020-01;Hogwarts;12200322;K;BELISARIO;ALBARRACÍN;VINET;571248;2023-02;WH236032; CONCURSO DE ESCUELAS;DIC;SO;6,6
WH2;Hechicería PLAN 2016  (SEDE Hogwards);2020-01;Hogwarts;9868410;1;OMAR;OPAZO;COTRONEO;598277;2023-02;WH236032; CONCURSO DE ESCUELAS;DIC;MB;6,1
WH2;Hechicería PLAN 2016  (SEDE Hogwards);2020-01;Hogwarts;20964023;4;ELIACER;MELLADO;SERPA;409261;2023-02;WH236032; CONCURSO DE ESCUELAS;DIC;SO;6,5
WH3;Hechicería Castelobruxo;2017-01;Beauxbaton;19695238;1;MONTSE;JIMENEZ;KOCH;565909;2024-02;WH236032; CONCURSO DE ESCUELAS;DIC;;
WH3;Hechicería Castelobruxo;2021-01;Beauxbaton;8200392;5;ESTIBALIA;DEL PINO;ROCHET;519070;2024-02;WH236032; CONCURSO DE ESCUELAS;DIC;;
WH3;Hechicería Castelobruxo;2021-01;Beauxbaton;23831642;7;JEANNINA;HERRERA;CONDE;532053;2024-02;WH236032; CONCURSO DE ESCUELAS;DIC;;
WH3;Hechicería Castelobruxo;2021-01;Beauxbaton;19106251;0;BELÉN;JASEN;GIRALT;640067;2024-02;WH236032; CONCURSO DE ESCUELAS;DIC;;
WH3;Hechicería Castelobruxo;2021-01;Beauxbaton;5313809;0;CAMILLE;PERALTA;FURLANETTO;437055;2024-02;WH236032; CONCURSO DE ESCUELAS;DIC;;
WH3;Hechicería Castelobruxo;2021-01;Beauxbaton;16497065;4;BASTIÁN;SAEZ;BISKUPOVIC;524065;2024-02;WH236032; CONCURSO DE ESCUELAS;DIC;;
WH3;Hechicería Castelobruxo;2021-01;Beauxbaton;17903949;1;RAMIRO;UGALDE;ACEITON;460060;2024-02;WH236032; CONCURSO DE ESCUELAS;DIC;;
WH3;Hechicería Castelobruxo;2021-01;Beauxbaton;25448171;1;HUMBERT;MOGLIA;ASENCIO;579069;2024-02;WH236032; CONCURSO DE ESCUELAS;DIC;;
WH3;Hechicería Castelobruxo;2021-01;Beauxbaton;20563135;4;BÁSTIAN;ALCA;MATUS;547062;2024-02;WH236032; CONCURSO DE ESCUELAS;DIC;;
WH3;Hechicería Castelobruxo;2021-01;Beauxbaton;20957042;9;HERMANN;NORMANDIN;TRIVIÑO;617063;2024-02;WH236032; CONCURSO DE ESCUELAS;DIC;;
WH3;Hechicería Castelobruxo;2021-01;Beauxbaton;10212306;6;LIZETTE;BADILLA;YURIN;419052;2024-02;WH236032; CONCURSO DE ESCUELAS;DIC;;
WH3;Hechicería Castelobruxo;2021-01;Beauxbaton;22944111;8;SAUL;POZA;PARRA;643058;2024-02;WH236032; CONCURSO DE ESCUELAS;DIC;;
WH3;Hechicería Castelobruxo;2021-01;Beauxbaton;17554122;0;RASHID;LEIGHTON;BASAY;396057;2024-02;WH236032; CONCURSO DE ESCUELAS;DIC;;
WH3;Hechicería Castelobruxo;2021-01;Beauxbaton;19670591;8;JEANETTE;0;BEGAZO;382061;2024-02;WH236032; CONCURSO DE ESCUELAS;DIC;;
WH2;Hechicería PLAN 2016  (SEDE Hogwards);2021-01;Hogwarts;23640723;K;AXELL;WANDE;CATALÁ;445318;2024-02;WH236032; CONCURSO DE ESCUELAS;DIC;;
WH2;Hechicería PLAN 2016  (SEDE Hogwards);2021-01;Hogwarts;20572979;0;NICANOR;BORGOÑO;FLOR;519301;2024-02;WH236032; CONCURSO DE ESCUELAS;DIC;;
WH2;Hechicería PLAN 2016  (SEDE Hogwards);2021-01;Hogwarts;21710988;0;ENGHEL;URREJOLA;GUZÑAY;395298;2024-02;WH236032; CONCURSO DE ESCUELAS;DIC;;
WH2;Hechicería PLAN 2016  (SEDE Hogwards);2021-01;Hogwarts;17115727;6;CONNY;RICO;NAHMÍAS;409332;2024-02;WH236032; CONCURSO DE ESCUELAS;DIC;;
WH2;Hechicería PLAN 2016  (SEDE Hogwards);2021-01;Hogwarts;23007882;0;ARACE;IBAÑEZ;ASPEE;414290;2024-02;WH236032; CONCURSO DE ESCUELAS;DIC;;
WH2;Hechicería PLAN 2016  (SEDE Hogwards);2021-01;Hogwarts;8072741;0;JOSEFINA;FARFÁN;BELEMMI;522293;2022-02;WH236032; CONCURSO DE ESCUELAS;DIC;SO;6,7
WH2;Hechicería PLAN 2016  (SEDE Hogwards);2021-01;Hogwarts;8011501;3;GIULIANO;ELIZALDE;CAPRA;415312;2024-02;WH236032; CONCURSO DE ESCUELAS;DIC;;
WH2;Hechicería PLAN 2016  (SEDE Hogwards);2021-01;Hogwarts;4804530;0;JHOAN;MASSU;MAYA;643296;2024-02;WH236032; CONCURSO DE ESCUELAS;DIC;;
WH2;Hechicería PLAN 2016  (SEDE Hogwards);2021-01;Hogwarts;10387392;4;ROXANA;RUBIO;MONDINO;467315;2024-02;WH236032; CONCURSO DE ESCUELAS;DIC;;
WH2;Hechicería PLAN 2016  (SEDE Hogwards);2021-01;Hogwarts;12303008;8;MARCO;PORTILLA;MOREN;649295;2024-02;WH236032; CONCURSO DE ESCUELAS;DIC;;
WH2;Hechicería PLAN 2016  (SEDE Hogwards);2021-01;Hogwarts;9475895;0;ANALY;OTERO;MASCARO;521308;2024-02;WH236032; CONCURSO DE ESCUELAS;DIC;;
WH2;Hechicería PLAN 2016  (SEDE Hogwards);2021-01;Hogwarts;20321367;2;DINO;MÜHLENBROCK;GOMILA;399305;2024-02;WH236032; CONCURSO DE ESCUELAS;DIC;;
WH2;Hechicería PLAN 2016  (SEDE Hogwards);2021-01;Hogwarts;11268560;6;GLEEN;SANTELICES;GALICIA;463304;2024-02;WH236032; CONCURSO DE ESCUELAS;DIC;;
WH2;Hechicería PLAN 2016  (SEDE Hogwards);2021-01;Hogwarts;18785423;3;THAIS;LOYOLA;TOURREL;544310;2024-02;WH236032; CONCURSO DE ESCUELAS;DIC;;
WH2;Hechicería PLAN 2016  (SEDE Hogwards);2021-01;Hogwarts;12739547;4;MARSELLA;DUPERAT;LEIGHTON;494309;2024-02;WH236032; CONCURSO DE ESCUELAS;DIC;;
WH2;Hechicería PLAN 2016  (SEDE Hogwards);2021-01;Hogwarts;12938102;6;ELIAN;HUAIQUIO;SERRANO;508316;2024-02;WH236032; CONCURSO DE ESCUELAS;DIC;;
WH2;Hechicería PLAN 2016  (SEDE Hogwards);2021-01;Hogwarts;16689333;7;GUADALUPE;VOLANTE;LAUBREAUX;593297;2024-02;WH236032; CONCURSO DE ESCUELAS;DIC;;
WH1;Hechicería PLAN 2005  (SEDE Hogwards);2006-01;Hogwarts;15636354;5;ANGÉLICA;SERVAT;ANDREUZZI;474027;2012-02;WH14413; examen de Transformaciones;DIC;B;5,6
WH1;Hechicería PLAN 2005  (SEDE Hogwards);2006-01;Hogwarts;16684233;8;MERLY;RETAMAL;LUSTIG;434041;2012-02;WH14413; examen de Transformaciones;DIC;B;5,9
WH1;Hechicería PLAN 2005  (SEDE Hogwards);2006-01;Hogwarts;25929348;0;FABIO;MEZA;CABALLERO;598029;2012-02;WH14413; examen de Transformaciones;DIC;B;5
WH1;Hechicería PLAN 2005  (SEDE Hogwards);2007-01;Hogwarts;15037774;4;SUILAN;GEISSE;ORUETA;602094;2014-02;WH14413; examen de Transformaciones;DIC;SO;6,6
WH1;Hechicería PLAN 2005  (SEDE Hogwards);2007-01;Hogwarts;23799746;K;ANYELA;ROGAT;BALBOA;512062;2013-02;WH14413; examen de Transformaciones;DIC;B;5,6
WH1;Hechicería PLAN 2005  (SEDE Hogwards);2007-01;Hogwarts;10445387;K;HELENA;IRIBARREN;LIENQUEO;404068;2013-02;WH14413; examen de Transformaciones;DIC;B;5,6
WH1;Hechicería PLAN 2005  (SEDE Hogwards);2007-01;Hogwarts;11236256;7;MIRIAM;OLIVOS;RIOS;539084;2012-02;WH14413; examen de Transformaciones;DIC;MB;6,1
WH1;Hechicería PLAN 2005  (SEDE Hogwards);2007-01;Hogwarts;8103488;4;ANGGELA;PAPAGALLO;ZUNINO;434086;2013-02;WH14413; examen de Transformaciones;DIC;MB;6,2
WH1;Hechicería PLAN 2005  (SEDE Hogwards);2007-01;Hogwarts;23420435;4;KERENA;MELERO;GIUBERGIA;606092;2012-02;WH14413; examen de Transformaciones;DIC;MB;6
WH1;Hechicería PLAN 2005  (SEDE Hogwards);2007-01;Hogwarts;22732248;K;LUZAMALIA;YÉVENES;SAFFIE;478082;2013-02;WH14413; examen de Transformaciones;DIC;B;5,3
WH1;Hechicería PLAN 2005  (SEDE Hogwards);2007-01;Hogwarts;18734877;2;FLOR;BARSCHAK;VALDIVIESO;457077;2012-02;WH14413; examen de Transformaciones;DIC;MB;6,1
WH1;Hechicería PLAN 2005  (SEDE Hogwards);2007-01;Hogwarts;9797857;9;POLET;CHACOFF;POLIDORI;566061;2012-02;WH14413; examen de Transformaciones;DIC;B;5,9
WH1;Hechicería PLAN 2005  (SEDE Hogwards);2008-01;Hogwarts;12477203;5;EVA;CHACALTANA;PALACIOS;407126;2012-02;WH14413; examen de Transformaciones;DIC;SO;6,7
WH1;Hechicería PLAN 2005  (SEDE Hogwards);2008-01;Hogwarts;9215238;9;EUGENI;BERTOLONE;LEDESMA;480112;2012-02;WH14413; examen de Transformaciones;DIC;MB;6,3
WH1;Hechicería PLAN 2005  (SEDE Hogwards);2008-01;Hogwarts;20374882;K;GUIDO;ROMERO;MÜLLER;554118;2013-02;WH14413; examen de Transformaciones;DIC;B;5,3
WH1;Hechicería PLAN 2005  (SEDE Hogwards);2008-01;Hogwarts;16806749;K;MARSELLA;MESA;CHOMALI;474109;2013-02;WH14413; examen de Transformaciones;DIC;SO;6,5
WH1;Hechicería PLAN 2005  (SEDE Hogwards);2008-01;Hogwarts;6678746;7;JOHANN;JAMET;POLIT;641108;2012-02;WH14413; examen de Transformaciones;DIC;MB;6,4
WH1;Hechicería PLAN 2005  (SEDE Hogwards);2008-01;Hogwarts;12491308;2;INDRA;BLANCA;PACHADO;559110;2013-02;WH14413; examen de Transformaciones;DIC;SO;6,5
WH1;Hechicería PLAN 2005  (SEDE Hogwards);2008-01;Hogwarts;19720667;7;THALIA;SAGUEZ;HUMERES;525122;2013-02;WH14413; examen de Transformaciones;DIC;MB;6,3
WH1;Hechicería PLAN 2005  (SEDE Hogwards);2008-01;Hogwarts;22096618;3;BARINIA;MELÍN;MARTÍNEZ;559106;2013-02;WH14413; examen de Transformaciones;DIC;B;5,8
WH1;Hechicería PLAN 2005  (SEDE Hogwards);2008-01;Hogwarts;15453562;3;SOMALI;OBREQUE;CANALES DE LA CERDA;569124;2012-02;WH14413; examen de Transformaciones;DIC;MB;6
WH1;Hechicería PLAN 2005  (SEDE Hogwards);2008-01;Hogwarts;6483574;0;MARJORIE;LONCON;SABANDO;590117;2013-02;WH14413; examen de Transformaciones;DIC;B;5,7
WH1;Hechicería PLAN 2005  (SEDE Hogwards);2008-01;Hogwarts;10494635;K;KIMBERLIN;KREITHER;MAGNA;402135;2012-02;WH14413; examen de Transformaciones;DIC;B;5,3
WH1;Hechicería PLAN 2005  (SEDE Hogwards);2008-01;Hogwarts;18931999;4;CASANDRA;CENTELLAS;HAMATI;580119;2013-02;WH14413; examen de Transformaciones;DIC;B;5,7
WH1;Hechicería PLAN 2005  (SEDE Hogwards);2008-01;Hogwarts;13575997;3;RITA;CANTUARIAS;GUERRA;416125;2012-02;WH14413; examen de Transformaciones;DIC;B;5,3
WH1;Hechicería PLAN 2005  (SEDE Hogwards);2008-01;Hogwarts;16629152;3;NAZMY;MAYOR;CABIESES;552120;2013-02;WH14413; examen de Transformaciones;DIC;MB;6
WH1;Hechicería PLAN 2005  (SEDE Hogwards);2008-01;Hogwarts;17577929;3;DANYA;BASUALDO;PEREIRA;449132;2013-02;WH14413; examen de Transformaciones;DIC;B;5,9
WH1;Hechicería PLAN 2005  (SEDE Hogwards);2008-01;Hogwarts;4896230;1;WALERIANNY;HINOJOSA;RAUFF;604133;2012-02;WH14413; examen de Transformaciones;DIC;B;5,7
WH1;Hechicería PLAN 2005  (SEDE Hogwards);2008-01;Hogwarts;16485686;3;NAHARA;ALMONACID;BODY;580116;2013-02;WH14413; examen de Transformaciones;DIC;B;5,7
WH1;Hechicería PLAN 2005  (SEDE Hogwards);2008-01;Hogwarts;18875520;3;SPASITELJ;TORREJON;PAINEMAL;404129;2012-02;WH14413; examen de Transformaciones;DIC;MB;6,2
WH1;Hechicería PLAN 2005  (SEDE Hogwards);2008-01;Hogwarts;23788396;0;LEONELLO;SAPAJ;CABEZAS;436138;2013-02;WH14413; examen de Transformaciones;DIC;MB;6,2
WH1;Hechicería PLAN 2005  (SEDE Hogwards);2008-01;Hogwarts;22444929;7;ESCARLETH;MATTOS;ALBASINI;476107;2012-02;WH14413; examen de Transformaciones;DIC;B;5,9
WH1;Hechicería PLAN 2005  (SEDE Hogwards);2009-01;Hogwarts;9461419;6;IDA;NORMANDIN;DUCHENS;416172;2016-02;WH14413; examen de Transformaciones;DIC;SO;6,7
WH1;Hechicería PLAN 2005  (SEDE Hogwards);2009-01;Hogwarts;9461419;6;IDA;NORMANDIN;DUCHENS;416172;2014-02;WH14413; examen de Transformaciones;DIC;M;2,7
WH1;Hechicería PLAN 2005  (SEDE Hogwards);2009-01;Hogwarts;19171244;1;DELPILA;CARTAGENA;MERCADO;624163;2015-02;WH14413; examen de Transformaciones;DIC;B;5,7
WH1;Hechicería PLAN 2005  (SEDE Hogwards);2009-01;Hogwarts;21999291;7;SIMONE;LEMA;DURÁN;480164;2013-02;WH14413; examen de Transformaciones;DIC;SO;6,8
WH1;Hechicería PLAN 2005  (SEDE Hogwards);2009-01;Hogwarts;11767162;2;ELESMA;MATURANA;CANIO;450176;2015-02;WH14413; examen de Transformaciones;DIC;B;5,9
WH1;Hechicería PLAN 2005  (SEDE Hogwards);2009-01;Hogwarts;24781685;8;ORIELLE;VILLAGRAN;LAFUENTE;586171;2013-02;WH14413; examen de Transformaciones;DIC;MB;6,3
WH1;Hechicería PLAN 2005  (SEDE Hogwards);2009-01;Hogwarts;22036815;K;DELACRUZ;LIZAMA;OSSANDON;623160;2015-02;WH14413; examen de Transformaciones;DIC;MB;6,3
WH1;Hechicería PLAN 2005  (SEDE Hogwards);2009-01;Hogwarts;21996901;9;ELIZABE;CATALDO;BERTOLONE;568181;2013-02;WH14413; examen de Transformaciones;DIC;B;5,8
WH1;Hechicería PLAN 2005  (SEDE Hogwards);2009-01;Hogwarts;12235492;3;YULISA;COOPMAN;CONTARDO;512154;2017-02;WH14413; examen de Transformaciones;DIC;SO;6,7
WH1;Hechicería PLAN 2005  (SEDE Hogwards);2009-01;Hogwarts;7922233;7;CHERRI;MUJICA;ANDUEZA;629168;2013-02;WH14413; examen de Transformaciones;DIC;B;5,5
WH1;Hechicería PLAN 2005  (SEDE Hogwards);2009-01;Hogwarts;8642690;7;NAZARET;BALDOVINO;BOWEN;455156;2017-02;WH14413; examen de Transformaciones;DIC;SO;6,6
WH1;Hechicería PLAN 2005  (SEDE Hogwards);2009-01;Hogwarts;17934514;K;JESABEL;EYZAGUIRRE;MELENDEZ;540177;2013-02;WH14413; examen de Transformaciones;DIC;MB;6,3
WH1;Hechicería PLAN 2005  (SEDE Hogwards);2009-01;Hogwarts;19802299;6;SIDNEY;LLEDO;SUAZO;587173;2015-02;WH14413; examen de Transformaciones;DIC;B;5,6
WH1;Hechicería PLAN 2005  (SEDE Hogwards);2009-01;Hogwarts;19802299;6;SIDNEY;LLEDO;SUAZO;587173;2014-02;WH14413; examen de Transformaciones;DIC;M;2,7
WH1;Hechicería PLAN 2005  (SEDE Hogwards);2009-01;Hogwarts;21264291;1;TITO;STOWHAS;OVANDO;571175;2015-02;WH14413; examen de Transformaciones;DIC;MB;6,4
WH1;Hechicería PLAN 2005  (SEDE Hogwards);2009-01;Hogwarts;18637556;9;LUZAMALIA;SANTIS;BAEZA;479161;2013-02;WH14413; examen de Transformaciones;DIC;B;5,6
WH1;Hechicería PLAN 2005  (SEDE Hogwards);2009-01;Hogwarts;6627269;1;KLER;ALCAZAR;TEJEDA;589179;2013-02;WH14413; examen de Transformaciones;DIC;MB;6,3
WH1;Hechicería PLAN 2005  (SEDE Hogwards);2009-01;Hogwarts;15166455;4;DENNISSE;COLIHUINCA;MAFFET;438159;2013-02;WH14413; examen de Transformaciones;DIC;B;5,3
WH1;Hechicería PLAN 2005  (SEDE Hogwards);2007-01;Hogwarts;22278864;9;DINELLY;NIETO;ALMEIDA;396903;2013-02;WH14413; examen de Transformaciones;DIC;SO;6,5
WH1;Hechicería PLAN 2005  (SEDE Hogwards);2009-01;Hogwarts;15843510;8;NIARUS;DE LA PEÑA;NAVEAS;423166;2013-02;WH14413; examen de Transformaciones;DIC;MB;6,2
WH1;Hechicería PLAN 2005  (SEDE Hogwards);2009-01;Hogwarts;19646555;5;YOVINNA;BEROÍZA;DE LA PEÑA;600169;2014-02;WH14413; examen de Transformaciones;DIC;SO;6,6
WH1;Hechicería PLAN 2005  (SEDE Hogwards);2009-01;Hogwarts;6533114;6;WALTER;GALIANO;CLIFF;468178;2013-02;WH14413; examen de Transformaciones;DIC;SO;6,5
WH1;Hechicería PLAN 2005  (SEDE Hogwards);2009-01;Hogwarts;21013608;K;RUBINA;HUENCHUÑAN;MELLA;625157;2013-02;WH14413; examen de Transformaciones;DIC;MB;6,3
WH1;Hechicería PLAN 2005  (SEDE Hogwards);2009-01;Hogwarts;14203078;7;SARAHY;MANTILLA;JACOB;628162;2013-02;WH14413; examen de Transformaciones;DIC;MB;6,4
WH1;Hechicería PLAN 2005  (SEDE Hogwards);2009-01;Hogwarts;23811372;5;WILLEAMS;CALDERON;CASA;442170;2013-02;WH14413; examen de Transformaciones;DIC;MB;6,2
WH1;Hechicería PLAN 2005  (SEDE Hogwards);2010-01;Hogwarts;5330526;3;CRISTOPHER;DELGADO;MARIHÚAN;561218;2014-02;WH14413; examen de Transformaciones;DIC;MB;6,1
WH1;Hechicería PLAN 2005  (SEDE Hogwards);2010-01;Hogwarts;14196170;0;EMIL;ANTOGNONI;ZURITA;419215;2014-02;WH14413; examen de Transformaciones;DIC;B;5,3
WH1;Hechicería PLAN 2005  (SEDE Hogwards);2010-01;Hogwarts;22209985;1;MARIETTA;UBEDA;NORMANDIN;442219;2014-02;WH14413; examen de Transformaciones;DIC;MB;6,4
WH1;Hechicería PLAN 2005  (SEDE Hogwards);2010-01;Hogwarts;21909386;4;SABINO;AQUEA;JOIGNANT;472201;2016-02;WH14413; examen de Transformaciones;DIC;MB;6,2
WH1;Hechicería PLAN 2005  (SEDE Hogwards);2010-01;Hogwarts;19852589;1;MAGALY;HOLLSTEIN;CAZCARRA;635214;2014-02;WH14413; examen de Transformaciones;DIC;SO;6,5
WH1;Hechicería PLAN 2005  (SEDE Hogwards);2010-01;Hogwarts;17304656;8;KIMBERLY;NAGUA;WIEHOFF;647193;2016-02;WH14413; examen de Transformaciones;DIC;MB;6,2
WH1;Hechicería PLAN 2005  (SEDE Hogwards);2010-01;Hogwarts;11456028;9;SARETH;PUIG;GODOY;487211;2014-02;WH14413; examen de Transformaciones;DIC;MB;6,1
WH1;Hechicería PLAN 2005  (SEDE Hogwards);2010-01;Hogwarts;24716036;4;GILBERTO;CORRALES;NORMANDIN;632205;2014-02;WH14413; examen de Transformaciones;DIC;MB;6,2
WH1;Hechicería PLAN 2005  (SEDE Hogwards);2010-01;Hogwarts;10143522;3;RUB;SANTA CRUZ;OTAROLA;392216;2014-02;WH14413; examen de Transformaciones;DIC;B;5,5
WH1;Hechicería PLAN 2005  (SEDE Hogwards);2010-01;Hogwarts;13609559;8;THABATTA;GARDEL;ARENA;627209;2014-02;WH14413; examen de Transformaciones;DIC;MB;6,2
WH1;Hechicería PLAN 2005  (SEDE Hogwards);2010-01;Hogwarts;15582527;0;JORJE;PERCHERON;RUGGIERO;466199;2014-02;WH14413; examen de Transformaciones;DIC;MB;6,2
WH1;Hechicería PLAN 2005  (SEDE Hogwards);2010-01;Hogwarts;20714452;4;ALBÁN;MORETTO;FONTALBA;471207;2015-02;WH14413; examen de Transformaciones;DIC;SO;6,6
WH1;Hechicería PLAN 2005  (SEDE Hogwards);2009-01;Hogwarts;17520981;K;COSME;DECEBAL-CUZA;BORLANDO;479710;2014-02;WH14413; examen de Transformaciones;DIC;SO;6,5
WH1;Hechicería PLAN 2005  (SEDE Hogwards);2010-01;Hogwarts;17390477;3;SABINO;SCHMITTNER;ROSSEL;522229;2015-02;WH14413; examen de Transformaciones;DIC;MB;6,1
WH1;Hechicería PLAN 2005  (SEDE Hogwards);2010-01;Hogwarts;16044761;6;BETTINA;URRIETA;DE LA BARRA;501227;2014-02;WH14413; examen de Transformaciones;DIC;MB;6,2
WH1;Hechicería PLAN 2005  (SEDE Hogwards);2010-01;Hogwarts;18523724;4;ESPERAN;LINCO;ALBISTUR;513225;2014-02;WH14413; examen de Transformaciones;DIC;SO;6,7
WH1;Hechicería PLAN 2005  (SEDE Hogwards);2010-01;Hogwarts;7048726;8;LIRIANA;LONCÓN;DARUICH;640203;2014-02;WH14413; examen de Transformaciones;DIC;B;5,6
WH1;Hechicería PLAN 2005  (SEDE Hogwards);2010-01;Hogwarts;7282578;7;NOEMY;IDE;GABRIELLI;540228;2014-02;WH14413; examen de Transformaciones;DIC;MB;6,2
WH1;Hechicería PLAN 2005  (SEDE Hogwards);2010-01;Hogwarts;16749975;8;PAOLO;VILLASANTE;GOLLERIN;432206;2014-02;WH14413; examen de Transformaciones;DIC;MB;6,3
WH1;Hechicería PLAN 2005  (SEDE Hogwards);2010-01;Hogwarts;18026194;6;KIARA;DUCHENS;SALCEDO;386213;2015-02;WH14413; examen de Transformaciones;DIC;SO;6,6
WH1;Hechicería PLAN 2005  (SEDE Hogwards);2010-01;Hogwarts;17646634;5;JESSE;GHIARDO;SABATTINI;421196;2014-02;WH14413; examen de Transformaciones;DIC;MB;6,4
WH1;Hechicería PLAN 2005  (SEDE Hogwards);2010-01;Hogwarts;11874300;8;YOSELYN;ARANDA;PRIETO;405212;2014-02;WH14413; examen de Transformaciones;DIC;SO;6,5
WH1;Hechicería PLAN 2005  (SEDE Hogwards);2010-01;Hogwarts;23024736;4;URZULA;VILLOUTA;MUSSA;456194;2014-02;WH14413; examen de Transformaciones;DIC;MB;6,2
WH1;Hechicería PLAN 2005  (SEDE Hogwards);2010-01;Hogwarts;4508590;8;GERMAIN;VITAGLIANO;NORAMBUENA;516237;2014-02;WH14413; examen de Transformaciones;DIC;SO;6,7
WH1;Hechicería PLAN 2005  (SEDE Hogwards);2010-01;Hogwarts;22369733;K;EDNA;FARR;LINARES;599210;2015-02;WH14413; examen de Transformaciones;DIC;MB;6,1
WH1;Hechicería PLAN 2005  (SEDE Hogwards);2010-01;Hogwarts;12325549;3;EMELINDA;RENJIFO;CABEZAS;477220;2015-02;WH14413; examen de Transformaciones;DIC;SO;6,8
WH1;Hechicería PLAN 2005  (SEDE Hogwards);2011-01;Hogwarts;23412132;4;KAMILA;FECCI;BERGAMASCO;409268;2015-02;WH14413; examen de Transformaciones;DIC;SO;6,8
WH1;Hechicería PLAN 2005  (SEDE Hogwards);2011-01;Hogwarts;25894665;K;LEBBY;VÉLIZ;HARPER;479269;2015-02;WH14413; examen de Transformaciones;DIC;SO;6,9
WH1;Hechicería PLAN 2005  (SEDE Hogwards);2011-01;Hogwarts;9889975;3;KARYN;BACCELIERE;BINIMELIS;421240;2015-02;WH14413; examen de Transformaciones;DIC;SO;6,9
WH1;Hechicería PLAN 2005  (SEDE Hogwards);2011-01;Hogwarts;14785260;5;TARCILA;FLORES;MONTT;371261;2017-02;WH14413; examen de Transformaciones;DIC;SO;6,6
WH1;Hechicería PLAN 2005  (SEDE Hogwards);2011-01;Hogwarts;25482030;2;LIRIANA;RUZ;LERDO DE TEJADA;617271;2017-02;WH14413; examen de Transformaciones;DIC;SU;4,2
WH1;Hechicería PLAN 2005  (SEDE Hogwards);2011-01;Hogwarts;23908998;3;ALDAIR;YANEZ;DAL SANTO;643257;2015-02;WH14413; examen de Transformaciones;DIC;MB;6,3
WH1;Hechicería PLAN 2005  (SEDE Hogwards);2010-01;Hogwarts;20088504;8;GUISELLE;EGNEN;JANS;460993;2015-02;WH14413; examen de Transformaciones;DIC;SO;6,8
WH1;Hechicería PLAN 2005  (SEDE Hogwards);2011-01;Hogwarts;18570024;7;GIGLIOLA;MARZUQA;ASTUDILLO;378251;2015-02;WH14413; examen de Transformaciones;DIC;SO;6,5
WH1;Hechicería PLAN 2005  (SEDE Hogwards);2011-01;Hogwarts;22169232;8;GIULIANO;CELEDON;INFANTE;432249;2015-02;WH14413; examen de Transformaciones;DIC;SO;6,9
WH1;Hechicería PLAN 2005  (SEDE Hogwards);2011-01;Hogwarts;14237779;1;KELLY;SAPAJ;ARRUÉ;536253;2015-02;WH14413; examen de Transformaciones;DIC;SO;6,8
WH1;Hechicería PLAN 2005  (SEDE Hogwards);2011-01;Hogwarts;9584646;K;MICHAEL;COLIHUINCA;VISTOSO;417259;2017-02;WH14413; examen de Transformaciones;DIC;SO;6,6
WH1;Hechicería PLAN 2005  (SEDE Hogwards);2011-01;Hogwarts;4446943;5;JULIANO;CHANDIA;JOFRE;500264;2017-02;WH14413; examen de Transformaciones;DIC;SO;6,6
WH1;Hechicería PLAN 2005  (SEDE Hogwards);2011-01;Hogwarts;16437199;8;PATRICI;LEÓN;EBERLE;572241;2015-02;WH14413; examen de Transformaciones;DIC;SO;6,7
WH1;Hechicería PLAN 2005  (SEDE Hogwards);2011-01;Hogwarts;14814669;1;CAROLI;ZAMBRANO;PANEZ;507258;2015-02;WH14413; examen de Transformaciones;DIC;SO;6,7
WH1;Hechicería PLAN 2005  (SEDE Hogwards);2011-01;Hogwarts;18512630;K;KATIA;0;RIVERAS;480247;2016-02;WH14413; examen de Transformaciones;DIC;SO;6,5
WH1;Hechicería PLAN 2005  (SEDE Hogwards);2011-01;Hogwarts;18338781;0;RONY;SCHMIED;ALCAYAGA;591244;2015-02;WH14413; examen de Transformaciones;DIC;SO;6,6
WH1;Hechicería PLAN 2005  (SEDE Hogwards);2012-01;Hogwarts;11167491;K;ANAYS;ROMANO;BOLADOS;651293;2016-02;WH14413; examen de Transformaciones;DIC;SO;6,5
WH1;Hechicería PLAN 2005  (SEDE Hogwards);2012-01;Hogwarts;17820606;9;VALENTYNA;FABREGA;FRANCKE;414311;2017-02;WH14413; examen de Transformaciones;DIC;B;5,3
WH1;Hechicería PLAN 2005  (SEDE Hogwards);2012-01;Hogwarts;17595303;8;ORNELLA;CEPEDA;CHIANG;589289;2017-02;WH14413; examen de Transformaciones;DIC;SO;6,5
WH1;Hechicería PLAN 2005  (SEDE Hogwards);2012-01;Hogwarts;22335375;5;LAURENT;QUIROZ;DEL REAL;463299;2016-02;WH14413; examen de Transformaciones;DIC;MB;6,1
WH1;Hechicería PLAN 2005  (SEDE Hogwards);2012-01;Hogwarts;10401491;2;AYLIN;MILLA;BELLINGHAUSEN;590328;2019-02;WH14413; examen de Transformaciones;DIC;SU;4
WH1;Hechicería PLAN 2005  (SEDE Hogwards);2012-01;Hogwarts;19328757;4;STEFANI;HARO;CAMAGGI;433355;2016-02;WH14413; examen de Transformaciones;DIC;MB;6,3
WH1;Hechicería PLAN 2005  (SEDE Hogwards);2012-01;Hogwarts;16822292;8;LISBETH;FARFÁN;CAVAGNOLA;565315;2017-02;WH14413; examen de Transformaciones;DIC;B;5,8
WH1;Hechicería PLAN 2005  (SEDE Hogwards);2012-01;Hogwarts;18585267;9;ORNELLA;ULLOA;DE LUCA;413343;2016-02;WH14413; examen de Transformaciones;DIC;MB;6,4
WH1;Hechicería PLAN 2005  (SEDE Hogwards);2012-01;Hogwarts;24160260;2;THABATTA;TONACA;ZENTENO;590287;2018-02;WH14413; examen de Transformaciones;DIC;MB;6,1
WH1;Hechicería PLAN 2005  (SEDE Hogwards);2012-01;Hogwarts;12286211;7;ALANIZ;FONTEALBA;MANZO;607286;2017-02;WH14413; examen de Transformaciones;DIC;MB;6,2